id,date_found,score,source_type,company,role,location,remote,sponsorship,stack_match,board,url,salary_range,recruiter_name,recruiter_email,hiring_manager,hiring_manager_email,contact_email,status,notes
JOB-2026-08-25-143430-001,2026-08-25T14:34:37+00:00,4,main,Epic,"Epic hiring Software Engineer in Gulfport, MS",gulf,unknown,yes,c#,linkedin,https://www.linkedin.com/jobs/view/software-engineer-at-epic-3986113606,N/A,,,,,,new,", TS, and C#, Eligible to work in the United States without visa sponsorship. Backend Engineer Backend Engineer. Gulfport, MS"
JOB-2026-08-25-143430-002,2026-08-25T14:34:38+00:00,3,main,Azora,C# Backend Engineer – Execution Systems,gulf,unknown,yes,c#,linkedin,https://ae.linkedin.com/jobs/view/c%23-backend-engineer-%E2%80%93-execution-systems-at-azora-technologies-4397836215,N/A,,,,,,new,C# Backend Engineer – Execution Systems · مستوى الأقدمية. مستوى المبتدئين · نوع التوظيف. دوام كامل · المهام الوظيفية. الهندسة و تكنولوجيا المعلومات · المجالات.
JOB-2026-08-25-143430-003,2026-08-25T14:34:39+00:00,4,main,Fcamara,تقوم شركة ‏FCamara‏ بالتوظيف لوظيفة ‏C# Developer‏ في ‏دبي,gulf,unknown,yes,c#,linkedin,https://ae.linkedin.com/jobs/view/c%23-developer-at-fcamara-consulting-training-4034733347,N/A,,,,,,new,"With our new operations in Dubai, we are looking to start a delivery centre for our UK clients. We are a consultancy that takes pride in our software"
JOB-2026-08-25-143430-004,2026-08-25T14:34:40+00:00,3,main,Scale,"Forward Deployed Software Engineer, Public Sector",gulf,unknown,yes,c#,linkedin,https://www.linkedin.com/jobs/view/forward-deployed-software-engineer-public-sector-at-scale-ai-4454333763,N/A,,,,,,new,"Build robust backend systems and data integrations … looking for 5+ years of software engineering experience, Senior Developer (C#, C++, VB,"
JOB-2026-08-25-143430-005,2026-08-25T14:35:07+00:00,3,post,"based applications and websites, or equivalent combinati","DMS Egypt is hiring (.NET Developer) With the below criteria: • 2+ years of experience in related field/needed technology. • Expertise in developing, implementing and supporting complex ASP.Net web",remote,yes,unknown,".net, asp.net",linkedin,https://www.linkedin.com/posts/marwa-fawzy-773744349_dms-egypt-is-hiring-net-developer-with-activity-7472992838075600896-I6Cz,N/A,,,,,,new,"June 17, 2026 - Login to LinkedIn to keep in touch with people you know, share ideas, and build your career."
JOB-2026-08-25-143430-006,2026-08-25T14:35:07+00:00,3,post,Unknown,Shaik Mohammad Imtiaz on LinkedIn: #openings #job #hiring #pacteraedge #talent #experience,remote,yes,unknown,".net, asp.net",linkedin,https://www.linkedin.com/posts/imtiazskmd_openings-job-hiring-activity-6904412536158982144-pQBy,N/A,,,,,,new,"March 1, 2022 - Dear Linkedin Members, We urgently need .Net Full Stack Developers to join us for one of the innovative projects that we are working on. Request your support…"
JOB-2026-08-27-232058-001,2026-08-27T23:21:02+00:00,4,main,"Web3 Media Empire! in Ponte Vedra Beach, Florida, United States | LinkedIn",Jobot hiring Backend Developer (Remote),remote,yes,unknown,.net,linkedin,https://www.linkedin.com/jobs/view/backend-developer-remote-web3-media-empire!-at-jobot-3095187273,N/A,,,,,,new,"Develop secure, cryptographic mechanisms to leverage on chain data and wallet originated signatures (Ethers.js / Web3.js / Web3.py / etc.) Be proactive in offering solutions to complex issues and task..."
JOB-2026-08-27-232058-002,2026-08-27T23:21:03+00:00,4,main,Lensa,Senior Backend Developer (.NET / SQL) (REMOTE SETUP),remote,yes,unknown,.net,linkedin,https://www.linkedin.com/jobs/view/senior-backend-developer-net-sql-remote-setup-at-lensa-4346948386,N/A,,,,,,new,"January 3, 2026 - 64% of job seekers get hired through a referral. Use LinkedIn Jobs to boost your chances of getting hired through people you know."
JOB-2026-08-27-232058-003,2026-08-27T23:21:13+00:00,4,main,Remote work,Senior Full Stack Engineer – .NET & React,remote,yes,unknown,".net, c#",linkedin,https://www.linkedin.com/jobs/view/senior-full-stack-engineer-%E2%80%93-net-react-remote-work-ref%23302438-at-bairesdev-4459070184,N/A,,,,,,new,"Build backend services using .NET, C#, or VB.NET. · Develop frontend interfaces using React. · Manage infrastructure using Terraform on AWS."
JOB-2026-08-30-175031-001,2026-08-30T17:50:39+00:00,4,main,Hays,"Software Engineer (TypeScript/React, .Net Desirable)",gulf,unknown,yes,".net, c#",linkedin,https://www.linkedin.com/jobs/view/software-engineer-typescript-react-net-desirable-at-hays-4460393084,N/A,,,,,,new,"Base pay range $70,000.00/yr - $150,000.00/yr. This role cannot offer Visa Sponsorship, you must have full working rights in the US. C# WPF"
JOB-2026-09-01-173006-001,2026-09-01T17:30:11+00:00,4,main,ALEXA SYSTEMS INC,Senior Dotnet Developer,remote,yes,yes,"asp.net core, .net core",linkedin,https://www.linkedin.com/jobs/view/senior-dotnet-developer-at-alexa-systems-inc-4460070444,N/A,,,,,,new,"No sponsorship available. candidates requiring sponsorship are not eligible. $140,000 - $150,000 1 week ago Senior .Net Developer (Remote in US)"
JOB-2026-09-01-173006-002,2026-09-01T17:30:13+00:00,4,main,VetsEZ,Senior .NET Developer (Remote Opportunity),remote,yes,yes,"asp.net core, .net core",linkedin,https://www.linkedin.com/jobs/view/senior-net-developer-remote-opportunity-at-vetsez-4444612636,N/A,,,,,,new,VetsEZ is currently looking for a Senior .NET Developer for a 100% remote position supporting a large federal government healthcare
JOB-2026-09-01-173006-003,2026-09-01T17:30:14+00:00,3,main,Gain,"Gain America hiring Jr .Net Developer job in Hicksville, NY",remote,yes,yes,"asp.net core, .net core",linkedin,https://www.linkedin.com/jobs/view/jr-net-developer-job-at-gain-america-4302313649,N/A,,,,,,new,"(888) 926.7687About. Salary: $70000 Required. Knowledge of the .NET framework, C#, ASP.NET and Object Oriented Programming. Solid front-end"
JOB-2026-09-01-173006-004,2026-09-01T17:30:34+00:00,3,main,LinkedIn,"JSDS Consulting hiring .NET Architect – Permanent – Salary up to $170,000 – Remote/WFH in United States",remote,yes,unknown,clean architecture,linkedin,https://www.linkedin.com/jobs/view/net-architect-–-permanent-–-salary-up-to-$170-000-–-remote-wfh-at-jsds-consulting-3162209047,N/A,,,,,,new,- Provide Architecture support during network cut-over planning and execution · - Review all Applications against .NET big rules and define approach to Individual Application to follow software define...
JOB-2026-09-03-172256-001,2026-09-03T17:23:05+00:00,4,main,LinkedIn,Senior Software Engineer (Modern .NET),remote,yes,unknown,"asp.net core, .net core, saas",linkedin,https://www.linkedin.com/jobs/view/senior-software-engineer-modern-net-at-computer-information-concepts-inc-4458313512,N/A,,,,,,new,"Remote — must reside in CO, FL, IA, IL, KS, MO, NE, OH, or. Salary: $120,000–$160,000 annually depending on experience. C#/.NET and ASP.NET"
JOB-2026-09-03-172256-002,2026-09-03T17:23:10+00:00,4,main,Fintech - Remote,Senior Back End Developer .NET,remote,yes,unknown,.net,linkedin,https://uk.linkedin.com/jobs/view/senior-back-end-developer-net-fintech-remote-at-wealth-dynamix-4308568990,N/A,,,,,,new,64% of job seekers get hired through a referral. Use LinkedIn Jobs to boost your chances of getting hired through people you know.
JOB-2026-09-03-172256-003,2026-09-03T17:23:11+00:00,3,main,LinkedIn,"Sii Poland zatrudnia na stanowisko .NET Developer – ePayment FinTech w Szczecin, Woj. Zachodniopomorskie, Polska",remote,yes,unknown,.net,linkedin,https://pl.linkedin.com/jobs/view/net-developer-–-epayment-fintech-at-sii-poland-3120030976,N/A,,,,,,new,"Zaloguj się, aby zapisać ofertę .NET Developer – ePayment FinTech w Sii Poland. ... Do you want to impact nearly 600 million users around the world? Take on various technological challenges? Create so..."
JOB-2026-09-03-172256-004,2026-09-03T17:23:16+00:00,5,main,LinkedIn,Sr. .NET Backend & Cloud Software Engineer,remote,yes,unknown,"asp.net core, .net core, clean architecture, multi-tenant",linkedin,https://www.linkedin.com/jobs/view/sr-net-backend-cloud-software-engineer-at-seneca-resources-company-llc-4455367667,N/A,,,,,,new,(Hybrid - 3 days onsite / 2 days remote) Duration: 12+ Month Contract. Compensation: $80 37.5 hours/week. ASP.NET Core |. Senior Multi-Tenant .
JOB-2026-09-03-172256-005,2026-09-03T17:23:16+00:00,5,main,The,Telecom Industry Senior Full Stack Developer (.NET Core + React),remote,yes,unknown,"asp.net core, .net core, clean architecture, multi-tenant, react",linkedin,https://in.linkedin.com/jobs/view/telecom-industry-senior-full-stack-developer-net-core-%2B-react-at-the-digital-pot-4456892396,N/A,,,,,,new,○ Multi-Tenancy Concepts: Understanding of multi-tenant application architecture. (experience with Finbuckle MultiTenant is a plus).
JOB-2026-09-03-172256-006,2026-09-03T17:23:17+00:00,4,main,"Synthreo — Friendly, MD",Full-Stack Engineer (.NET/React),remote,yes,unknown,"asp.net core, .net core, clean architecture, multi-tenant, react",linkedin,https://www.linkedin.com/jobs/view/full-stack-engineer-net-react-at-synthreo-4443868439,N/A,,,,,,new,"Synthreo is the AI-native platform for Managed Service Providers. Our platform handles secure RAG pipelines, multi-tenant isolation, # (ASP.NET Core, Minimal"
JOB-2026-09-03-172256-007,2026-09-03T17:23:27+00:00,4,post,LinkedIn,Sahil Bhatia posted this,remote,yes,unknown,"asp.net core, .net core",linkedin,https://www.linkedin.com/posts/sahil-bhatia-00980b23_hiring-dotnetdeveloper-aspnetcore-activity-7490363694443528192-mwkV,N/A,,,,,,new,We're Hiring: ASP.NET Core Developer (Work From Home) Remote / Work From Home 💼 Experience: 3+ Years (Preferred) Strong hands-on experience
JOB-2026-09-03-172256-008,2026-09-03T17:23:27+00:00,4,post,LinkedIn,Anand Kumar yadav's Post,remote,yes,unknown,"asp.net core, .net core",linkedin,https://www.linkedin.com/posts/yanand96_were-hiring-net-developer-key-activity-7485540590907060224-T04A,N/A,,,,,,new,"We&#39;re Hiring! | .NET Developer. Core, ASP.NET Core, Full Stack Developer with 1.5 years of experience. Key Skills: C#, .NET / .NET Core,"
JOB-2026-09-03-172256-009,2026-09-03T17:23:27+00:00,4,post,James Naughton posted on the topic | LinkedIn,Domain experience vs technical skills: how to weigh them in hiring,remote,yes,unknown,"asp.net core, .net core, entity framework, ef core, restful",linkedin,https://www.linkedin.com/posts/james-naughton_how-important-is-domain-experience-when-hiring-activity-7376191255422066688-UWJv,N/A,,,,,,new,"Are you preparing for .Net Developer Opportunities? Here you go the concepts for preparation. a .NET developer with 3 years of experience, interview questions will cover foundational .NET concepts lik..."
JOB-2026-09-03-172256-010,2026-09-03T17:23:27+00:00,4,post,shivprasad Koirala posted on the topic | LinkedIn,ASP.NET Stack Market Trends: Job Postings vs Layoffs,remote,yes,unknown,"asp.net core, .net core, microservices, react",linkedin,https://www.linkedin.com/posts/shivkoirala_is-the-aspnet-stack-market-really-bad-activity-7361249141466742784-Q_K6,N/A,,,,,,new,"The overall market is bad nothing wrong with ASP.NET 😀 . Probably , the huyp curve of IT is getting setle down. The next 10 yrs tune has been set by GenAI helped development. Company don't need only c..."
JOB-2026-09-03-172256-011,2026-09-03T17:23:27+00:00,4,post,LinkedIn,Sakshi Mathur's Post,remote,yes,unknown,"asp.net core, .net core",linkedin,https://www.linkedin.com/posts/sakshi-mathur-065b07219_hiring-hiringnow-immediatehiring-activity-7478408589423046656-10ze,N/A,,,,,,new,"We're Hiring: Sr. .NET Developer (Remote) We are looking for an experienced Sr. .NET Developer to join our team and build high-performance,"
JOB-2026-09-03-172256-012,2026-09-03T17:23:27+00:00,4,post,Charlotte Rozee posted on the topic | LinkedIn,.NET Developers: Expectations vs Reality in 2025,remote,yes,unknown,"asp.net core, .net core, mongo, mongodb, azure",linkedin,https://www.linkedin.com/posts/charlotte-rozee-19375a301_dotnet-hiring-developers-activity-7377012183479750656-_NH1,N/A,,,,,,new,"Report this post

🚀 .NET Developers in 2025 – Expectations vs. Reality I’m speaking with both companies and developers daily, and one theme keeps coming up: 👉 The “ideal” .NET candidate profile many c..."
JOB-2026-09-03-172256-013,2026-09-03T17:23:29+00:00,4,post,CodeTact Recruit,#hiring #dotnet #remotejobs #backend #techjobs,remote,yes,unknown,.net,linkedin,https://www.linkedin.com/posts/codetact-recruit_hiring-dotnet-remotejobs-activity-7483873125991112704-IIUZ,N/A,,,,,,new,We're hiring a .NET Developer to join a global remote team building reliable backend applications and scalable services.
JOB-2026-09-03-172256-014,2026-09-03T17:23:29+00:00,3,post,AbdulAziz Faisal Tungekar | 13 comments - LinkedIn,They're Hiring,remote,yes,unknown,.net,linkedin,https://www.linkedin.com/posts/aaftungekar_theyre-hiring-backend-net-developer-activity-7472355807070744576-IdFG,N/A,,,,,,new,They're Hiring | Backend .NET Developer Maadi – Cairo (On-site) 9:00 AM – 5:00 PM Friday & Saturday Off Immediate Start Requirements (3+ Years)
JOB-2026-09-03-172256-015,2026-09-03T17:23:29+00:00,4,post,LinkedIn,Shabnam Thakur's Post,remote,yes,unknown,.net,linkedin,https://www.linkedin.com/posts/shabnam-thakur-3a2647240_hiring-dotnetdeveloper-remotejobs-activity-7435625457699500032-fT0q,N/A,,,,,,new,"We're Hiring: .NET Developer (Remote – India) Job Type: Full-time Experience Required: 3–5 years Salary - 30,000 to 60,000 We are looking"
JOB-2026-09-03-172256-016,2026-09-03T17:23:29+00:00,4,post,Rinka Sai posted on the topic | LinkedIn,"Is .NET really dead? No, it's a stable career path.",remote,yes,unknown,".net core, react",linkedin,https://www.linkedin.com/posts/rinkuchoudhary226_is-cnet-really-dead-every-developer-must-activity-7324126620879876096-Ers5,N/A,,,,,,new,"Hello Everyone, We are hiring for Job Requirements : 📌 .Net/.Net Core Developer with MS SQL. ▶️ Experience: 0 Year To 2 Years ▶️ Location: LPU, Jalandhar #reactnative #mobileapp #mobile #hybrid #fresh..."
JOB-2026-09-03-172256-017,2026-09-03T17:23:31+00:00,4,post,least five years of professional experience (Full Stack/Backend/Frontend)…,We're Hiring: .NET C# Software Developer (5+ Years Experience) We are looking for a .NET C# Software Developer with,gulf,unknown,yes,react,linkedin,https://www.linkedin.com/posts/idealsolutionsc_were-hiring-net-c-software-developer-activity-7281618552443260928-jOMh,N/A,,,,,,new,We're Hiring: .NET C# Software Developer (5+ Years Experience) We are looking for a .NET C# Software Developer with at least five years of professional experience (Full Stack/Backend/Frontend). Arabic...
JOB-2026-09-06-163358-001,2026-09-06T16:34:03+00:00,4,main,C#/.NET (Remote),Backend Developer,remote,yes,unknown,".net, c#",linkedin,https://br.linkedin.com/jobs/view/backend-developer-c%23-net-remote-at-hire-feed-4441478970,N/A,,,,,,new,Role: Backend Developer - C#/.NET (Remote); Location: Remote (Work from Anywhere); Job Type: Contract; Payout: $30 - $55/hour. Role Overview:.
JOB-2026-09-06-163358-002,2026-09-06T16:34:04+00:00,5,main,"Level Software Engineer – .NET (C#) & React/JavaScript in Texas, United States | LinkedIn",Polanov Tech hiring Mid,remote,yes,unknown,"sql server, react, aws",linkedin,https://www.linkedin.com/jobs/view/mid-level-software-engineer-%E2%80%93-net-c%23-react-javascript-at-polanov-tech-4455019481,N/A,,,,,,new,"Location: Remote – United States Only

Employment Type: Direct Employee / Full-Time

Eligibility: U.S. Citizens Only

Position Overview

Our client is seeking a Mid-Level Software Engineer to join a d..."
JOB-2026-09-06-163358-003,2026-09-06T16:34:29+00:00,4,post,Unknown,Annalisa Nardone on LinkedIn: #hiring #dotnetdeveloper #dotnetjobs #softwareengineer #hybridjobs…,remote,yes,yes,"asp.net core, .net core, azure, azure devops, microservices",linkedin,https://et.linkedin.com/posts/annalisanardone_hiring-dotnetdeveloper-dotnetjobs-activity-7052678808440623104-s_OM,N/A,,,,,,new,"April 14, 2023 - ☀Lead .NET Engineer: 8+ YOE using C#, .NET Core, Cloud, Microservices, SQL Must have medical industry experience 100% remote for CA residents $170k-200k base DOE ☀Senior .NET Engineer..."
JOB-2026-09-06-163358-004,2026-09-06T16:34:29+00:00,4,post,Unknown,Misty Gray on LinkedIn: #hiring #agile #dotnet,remote,yes,unknown,"asp.net core, .net core, sql server, azure, app service",linkedin,https://www.linkedin.com/posts/misty-gray-67819761_hiring-agile-dotnet-activity-6867112563902070785-a4L_,N/A,,,,,,new,"* Lead level developer with 8+ years of experience * C# .NET Core Backend Developer * Experience in Azure functions, Services * API Development experience * MS SQL Server DB experience * Can be remote..."
JOB-2026-09-06-163358-005,2026-09-06T16:34:30+00:00,4,post,LinkedIn,Karla Salguero's Post,remote,yes,unknown,.net core,linkedin,https://www.linkedin.com/posts/karla-salguero-7766a8204_hiring-dotnet-backenddeveloper-activity-7478467143064326144-OA9I,N/A,,,,,,new,Hiring: .NET Backend API Developer 100% Remote. We're looking for a hands-on Backend Developer with strong experience in C# / .NET Core and
JOB-2026-09-06-163358-006,2026-09-06T16:34:30+00:00,4,post,LinkedIn,Valeriia Balabanova's Post,remote,yes,unknown,.net,linkedin,https://www.linkedin.com/posts/valeriia-balabanova-83620a6a_were-hiring-a-senior-net-backend-developer-activity-7501267145876590592-HE5h,N/A,,,,,,new,We're hiring a Senior .NET Backend Developer to join Snoonu — Qatar's homegrown Super App transforming daily life and delivery across the
JOB-2026-09-06-163358-007,2026-09-06T16:34:30+00:00,4,post,LinkedIn,CodeTact Recruit's Post,remote,yes,unknown,".net, c#",linkedin,https://www.linkedin.com/posts/codetact-recruit_csharp-dotnet-dotnetcore-activity-7425990022530646016-jNvn,N/A,,,,,,new,We are hiring a Mid-Level C# Developer to work on modern backend systems and cloud-ready applications using .NET technologies. 3–5 years of C#
JOB-2026-09-08-173943-001,2026-09-08T17:39:45+00:00,4,main,LinkedIn,"DEON: SENIOR CLOUD ASP.NET, K8S KUBERNETES ...",remote,yes,unknown,"asp.net core, .net core",linkedin,https://www.linkedin.com/jobs/view/deon-senior-cloud-asp-net-k8s-kubernetes-developer-at-online-jobs-philippines-work-at-home-4461896083,N/A,,,,,,new,"SENIOR CLOUD ASP.NET, Permanent position, 100% remote. Enjoy full flexibility and freedom. Top expert in Asp.NET 8.0, To apply: https://weworkremotely.com/"
JOB-2026-09-08-173943-002,2026-09-08T17:39:47+00:00,4,main,.NET / Cloud / Power Platform (Ref,Senior Application Developer,remote,yes,unknown,"asp.net core, .net core",linkedin,https://www.linkedin.com/jobs/view/senior-application-developer-net-cloud-power-platform-ref-5779-at-estrada-consulting-inc-4452149006,N/A,,,,,,new,Application Developer — .NET / Cloud / Power Platform (Ref: 5779) Location: Remote on Pacific Time Zone M-F from 8-5pm PST Position Summary
JOB-2026-09-08-173943-003,2026-09-08T17:39:48+00:00,4,main,LinkedIn,AgileGrid Solutions hiring .NET Developer in United States,remote,yes,unknown,"asp.net core, .net core",linkedin,https://www.linkedin.com/jobs/view/net-developer-at-agilegrid-solutions-4464050328,N/A,,,,,,new,"We are seeking a dedicated ASP.NET Developer to join our remote team in the Philippines. especially in remote settings. $125,000 - $132,000 … $55 - $62 6 days"
JOB-2026-09-08-173943-004,2026-09-08T17:39:48+00:00,3,main,Netrolynx AI — United States,Net Developer,remote,yes,unknown,"asp.net core, .net core",linkedin,https://www.linkedin.com/jobs/view/net-developer-at-netrolynx-ai-4464019535,N/A,,,,,,new,"Apply for .Net Developer at Netrolynx AI in United States. Full-time Associate role. See responsibilities, qualifications, and similar jobs on LinkedIn."
JOB-2026-09-08-173943-005,2026-09-08T17:39:52+00:00,4,main,LinkedIn,micro1 hiring Backend C#/.NET Developer in NAMER,remote,yes,unknown,".net, c#",linkedin,https://www.linkedin.com/jobs/view/backend-c%23-net-developer-at-micro1-4464321184,N/A,,,,,,new,"Job Title: Backend C#/.NET Developer. Job Type: Contract. Location: Remote. Job Summary: In this role, you'll apply your expertise to help train"
JOB-2026-09-08-173943-006,2026-09-08T17:39:52+00:00,4,main,"Remote in New York, NY",YO AI Labs hiring .NET Developer,remote,yes,unknown,".net, c#",linkedin,https://www.linkedin.com/jobs/view/net-developer-remote-at-yo-ai-labs-4462995238,N/A,,,,,,new,"Base pay range $60.00/mo - $110.00/mo. We are looking for skilled backend developers to support AI training and evaluation projects. You'll use C#, .NET, Mid-"
JOB-2026-09-08-173943-007,2026-09-08T17:39:53+00:00,4,main,LinkedIn,FetchJobs.co hiring .NET Developer in United States,remote,yes,unknown,.net,linkedin,https://www.linkedin.com/jobs/view/net-developer-at-fetchjobs-co-4464364812,N/A,,,,,,new,"$110,000 - $160,000 4 days ago Mid-Level Software Developer, Back End ・ $80,000 - $110,000 1 month ago ・ $55 - $62 1 week ago. Remote East Coast Software"
JOB-2026-09-08-173943-008,2026-09-08T17:39:55+00:00,4,main,TalentHop — United States,Software Engineer I,remote,yes,unknown,"asp.net core, .net core, saas",linkedin,https://www.linkedin.com/jobs/view/software-engineer-i-at-talenthop-4462254093,N/A,,,,,,new,"Bachelor's degree in … including C#, .NET, and ASP.NET. Gross annual base salary: USD $99,000–$128,500. II (Remote - US)"
JOB-2026-09-08-173943-009,2026-09-08T17:39:55+00:00,5,main,LinkedIn,Senior .NET Engineer – Financial Services,remote,yes,unknown,"asp.net core, .net core, entity framework, ef core, sql server",linkedin,https://www.linkedin.com/jobs/view/senior-net-engineer-%E2%80%93-financial-services-at-dyne-4463280748,N/A,,,,,,new,"Strong experience with ASP.NET Core Web API, Entity Framework / EF Core, and LINQ. Good knowledge of SQL Server and T-SQL, including performance tuning."
JOB-2026-09-08-173943-010,2026-09-08T17:39:56+00:00,4,main,"Nashville, TN - LinkedIn",Sr Systems Analyst,remote,yes,unknown,"asp.net core, .net core, saas",linkedin,https://www.linkedin.com/jobs/view/sr-systems-analyst-at-health-care-service-corporation-4464048128,N/A,,,,,,new,Bachelor Degree and 4 years Information Technology. Knowledge of Cloud computing / SaaS / IaaS /ASP.Net/PHP/Ruby/C# Bachelor Degree in Computer Science or
JOB-2026-09-08-173943-011,2026-09-08T17:39:57+00:00,4,main,LinkedIn,Binary Semantics Ltd. hiring Dotnet Developer in ...,remote,yes,unknown,"asp.net core, .net core, saas, react, aws",linkedin,https://in.linkedin.com/jobs/view/dotnet-developer-at-binary-semantics-ltd-4462200405,N/A,,,,,,new,Strong expertise in AWS Cloud; Hands-on experience with ASP.NET Core; Experience with Angular/ ReactJS/ NextJS; Strong knowledge of Web APIs; Database expertise
JOB-2026-09-08-173943-012,2026-09-08T17:40:00+00:00,4,main,Fintech en Client Server - LinkedIn,Software Engineer C# .Net,remote,yes,unknown,".net, c#",linkedin,https://es.linkedin.com/jobs/view/software-engineer-c%23-net-fintech-at-client-server-4464461762,N/A,,,,,,new,"back end focused Software Engineer. FinTech scale-up with solid financial backing, Salary to €120,000 Bonus 25 days. Backend Engineer - Product (Remote)"
JOB-2026-09-08-173943-013,2026-09-08T17:40:00+00:00,4,main,Senior .NET Developer – Platform - LinkedIn,LUK HR,remote,yes,unknown,.net,linkedin,https://www.linkedin.com/jobs/view/4461400283,N/A,,,,,,new,Senior .NET Engineer - Remote Work. Senior Backend Engineer Platform & Distributed Systems) Senior Software Engineer — Payments (Remote LATAM)
JOB-2026-09-08-173943-014,2026-09-08T17:40:01+00:00,4,main,Client Server,Lead C# Developer .Net Core - Fintech,remote,yes,unknown,.net core,linkedin,https://uk.linkedin.com/jobs/view/lead-c%23-developer-net-core-fintech-at-client-server-4464476393,N/A,,,,,,new,"Fintech at Client Server. Base pay range £100,000.00/yr - £130,000.00/yr -funded Fintech scale-up. Salary to £130k + Bonus 25 days"
JOB-2026-09-08-173943-015,2026-09-08T17:40:06+00:00,5,main,WowSuite Software Ltd - LinkedIn,Senior Full Stack Engineer,remote,yes,unknown,"react, typescript",linkedin,https://br.linkedin.com/jobs/view/senior-full-stack-engineer-at-wowsuite-software-ltd-4462243408,N/A,,,,,,new,"Engineers own production systems end-to-end and ship in a remote, senior environment. TypeScript (Express) and services in C# / .NET. Express React, Next.js,"
JOB-2026-09-08-173943-016,2026-09-08T17:40:11+00:00,4,post,Unknown,#Hiring .NET Developer (Duende IdentityServer) Experience: 3+ ...,remote,yes,unknown,"asp.net core, .net core, identity",linkedin,https://www.linkedin.com/posts/meghana-devu-67b4a41ab_hiring-net-developer-duende-identityserver-activity-7502584969236635649-_S-m,N/A,,,,,,new,"Hiring .NET Developer. Key Requirements: 3+ years of hands-on experience … cquisition Specialist | Hiring Software, Cloud & AI Engineers. ASP.NET Core Web."
JOB-2026-09-08-173943-017,2026-09-08T17:40:11+00:00,4,post,Unknown,NET Developer Apsis Solutions Limited is looking for a talented ...,remote,yes,unknown,"asp.net core, .net core",linkedin,https://www.linkedin.com/posts/apsis-bd_%F0%9D%97%AA%F0%9D%97%B2%F0%9D%97%BF%F0%9D%97%B2-%F0%9D%97%9B%F0%9D%97%B6%F0%9D%97%BF%F0%9D%97%B6%F0%9D%97%BB%F0%9D%97%B4-%F0%9D%97%A6%F0%9D%97%BC%F0%9D%97%B3%F0%9D%98%81%F0%9D%98%84%F0%9D%97%AE%F0%9D%97%BF%F0%9D%97%B2-activity-7502340742196051968-xRZp,N/A,,,,,,new,"We're Hiring | Software Engineer (L-II) Full-time Experience: 3-5 years of professional experience … using C#, .NET / .NET Core, ASP.NET, and Web API."
JOB-2026-09-08-173943-018,2026-09-08T17:40:11+00:00,4,post,Unknown,#hiring #dotnetfullstackdeveloper #banking #bfsi #fintech #remotejobs,remote,yes,unknown,"asp.net core, .net core, sql server, azure, azure devops",linkedin,https://www.linkedin.com/posts/saritasakhare_hiring-dotnetfullstackdeveloper-banking-activity-7502644617172119554-_ztb,N/A,,,,,,new,"Immediate Join | Software Engineer with over 9 Years Experience skilled in ASP.NET MVC, C#, .Net Core, Azure DevOps, SQL Server. Expert in SDLC, clean coding,"
JOB-2026-09-08-173943-019,2026-09-08T17:40:11+00:00,4,post,LinkedIn,Madhavi P's Post,remote,yes,unknown,"asp.net core, .net core",linkedin,https://www.linkedin.com/posts/contact-madhavi_hiring-dotnet-uds-activity-7503034863583907841-3JrR,N/A,,,,,,new,"hiring Senior C#/.NET Diagnostic Software Engineers. 5+ years of experience in C# and .NET desktop application development, Immediate joiners preferred."
JOB-2026-09-08-173943-020,2026-09-08T17:40:11+00:00,3,post,LinkedIn,Suranjith Prasad's Post,remote,yes,unknown,"asp.net core, .net core",linkedin,https://www.linkedin.com/posts/suranjith-prasad-44a128ba_dotnet-csharp-aspnetcore-activity-7502635990402875393-rd-z,N/A,,,,,,new,"Hiring Agent | Job Guider | Skill Testing 7h. Hiring Agent | Job Guider | Skill Testing. Middle Full-Stack Developer .Net(C#), Angular, Node.JS, Python, etc."
JOB-2026-09-10-172324-001,2026-09-10T17:23:26+00:00,5,main,European Union - LinkedIn,Senior C#/.NET Developer,remote,yes,unknown,"asp.net core, .net core, ef core",linkedin,https://www.linkedin.com/jobs/view/senior-c%23-net-developer-at-digisourced-4464463698,N/A,,,,,,new,Senior C#/.NET Developer. Experience (client projects) in development with EF Core and ASPNet Core / Minimal API. Senior Backend Engineer - Product (Remote)
JOB-2026-09-10-172324-002,2026-09-10T17:23:27+00:00,5,main,"BayOne Solutions — San Jose, CA",Senior Dotnet Developer,remote,yes,unknown,"asp.net core, .net core",linkedin,https://www.linkedin.com/jobs/view/senior-dotnet-developer-at-bayone-solutions-4463557617,N/A,,,,,,new,"Location: Remote Role. Duration: 12 + months contract with extension. Pay rate: $65 to $70/hr. on W2. Must Haves: .NET for back end (ASP.Net/.Net Core), C#"
JOB-2026-09-10-172324-003,2026-09-10T17:23:27+00:00,4,main,Remote Work | REF#303380 - LinkedIn,Backend Engineer (.NET),remote,yes,unknown,"asp.net core, .net core",linkedin,https://www.linkedin.com/jobs/view/4464699704,N/A,,,,,,new,"4+ years of experience in Backend Engineering with a focus on the Microsoft stack. Proficiency in C\#, .NET Core, and ASP.NET Core for building scalable APIs."
JOB-2026-09-10-172324-004,2026-09-10T17:23:30+00:00,4,main,$20/hr Remote di Crossing Hurdles - LinkedIn,Senior C# Engineer,remote,yes,unknown,"asp.net core, .net core",linkedin,https://id.linkedin.com/jobs/view/senior-c%23-engineer-%2420-hr-remote-at-crossing-hurdles-4463832144,N/A,,,,,,new,Compensation: $15/hr - $20/hr Location: Remote Commitment: 40 hours per week with 4 hours overlap. Minimum 2 years of professional experience with C#.
JOB-2026-09-10-172324-005,2026-09-10T17:23:33+00:00,4,main,FetchJobs.co — United States,.NET Developer,remote,yes,unknown,.net,linkedin,https://www.linkedin.com/jobs/view/net-developer-at-fetchjobs-co-4464484946,N/A,,,,,,new,"We promote work-life balance through flexible working hours and remote work opportunities. $110,000 - $160,000 16 hours ago Mid-Level Software Developer, Back"
JOB-2026-09-10-172324-006,2026-09-10T17:23:34+00:00,4,main,micro1 — NAMER,Backend C#/.NET Developer,remote,yes,unknown,".net, c#",linkedin,https://www.linkedin.com/jobs/view/backend-c%23-net-developer-at-micro1-4465013690,N/A,,,,,,new,"Apply for Backend C#/.NET Developer at micro1 in NAMER. Contract Mid-Senior level role. See responsibilities, qualifications, and similar jobs on LinkedIn."
JOB-2026-09-10-172324-007,2026-09-10T17:23:35+00:00,4,main,Level Full-Stack Developer ...,"Pioneering Evolution, LLC hiring Mid",remote,yes,unknown,.net,linkedin,https://www.linkedin.com/jobs/view/mid-level-full-stack-developer-net-angular-at-pioneering-evolution-llc-4464670727,N/A,,,,,,new,"Mid-Level Full-Stack Developer (.NET/Angular) Base pay range $100,000.00/yr - $125,000.00/yr ・ secure and modular backend services ・ backend components using"
JOB-2026-09-10-172324-008,2026-09-10T17:23:42+00:00,4,main,.NET in Islamabad ...,Convo hiring Senior Software Engineer,remote,yes,unknown,"asp.net core, .net core, clean architecture, multi-tenant",linkedin,https://pk.linkedin.com/jobs/view/senior-software-engineer-net-at-convo-4465045271,N/A,,,,,,new,"Strong knowledge of multi-tenant architecture and security, including tenant isolation, tenant-aware data access, secure configuration and fine-grained"
JOB-2026-09-10-172324-009,2026-09-10T17:23:43+00:00,5,main,Providence India,Sr. Software Engineer,remote,yes,unknown,"asp.net core, .net core, clean architecture, microservices, multi-tenant",linkedin,https://in.linkedin.com/jobs/view/sr-software-engineer-at-providence-india-4459695762,N/A,,,,,,new,"Strong hands-on experience with C#, ASP.NET Core, .NET Framework/.NET 8+, Web APIs, and Microservices Architecture. Strong expertise in ReactJS, JavaScript,"
JOB-2026-09-10-172324-010,2026-09-10T17:23:45+00:00,5,main,Level Frontend Developer (Blazor + .NET) - Remote - LinkedIn,Mid,remote,yes,unknown,"react, typescript",linkedin,https://www.linkedin.com/jobs/view/4464694531,N/A,,,,,,new,Senior Full Stack Developer (ReactJS + .NET C# WebAPI) - Remote Work ... Full Stack Developer (Java + TypeScript + React Native) - Remote - Latin America.
JOB-2026-09-10-172324-011,2026-09-10T17:23:46+00:00,4,main,The Developer Link,Mid-Level Full Stack Engineer (.NET / React),remote,yes,unknown,"react, typescript",linkedin,https://www.linkedin.com/jobs/view/mid-level-full-stack-engineer-net-react-at-the-developer-link-4463029348,N/A,,,,,,new,"Tech-wise, they're looking for: C# / .NET experience; Full stack capability; Some React / JavaScript / TypeScript exposure; Someone comfortable shipping"
JOB-2026-09-10-172324-012,2026-09-10T17:23:46+00:00,4,main,SOLTECH - LinkedIn,Full Stack React Native/.NET Engineer,remote,yes,unknown,"react, typescript",linkedin,https://www.linkedin.com/jobs/view/full-stack-react-native-net-engineer-at-soltech-4462521963,N/A,,,,,,new,Our client is seeking a Full-Stack React Native/.NET Engineer to join the team responsible for supporting and maintaining an existing production mobile
JOB-2026-09-10-172324-013,2026-09-10T17:23:47+00:00,4,main,LinkedIn,"Stelvio Inc. hiring Senior Full Stack Engineer in Frisco, TX",remote,yes,unknown,"react, typescript",linkedin,https://www.linkedin.com/jobs/view/senior-full-stack-engineer-at-stelvio-inc-4464686041,N/A,,,,,,new,"Strong front-end development skills using technologies such as React, Angular, Vue.js, TypeScript, JavaScript, HTML5, and CSS. technologies such as .NET, C#,"
JOB-2026-09-13-170804-001,2026-09-13T17:08:06+00:00,5,main,Hyr,Senior .NET Full Stack Developer :: Remote :: Hot Requirement,remote,yes,unknown,"asp.net core, .net core, entity framework, sql server, azure",linkedin,https://www.linkedin.com/jobs/view/senior-net-full-stack-developer-remote-hot-requirement-at-hyr-global-source-inc-4466314823,N/A,,,,,,new,"The ideal candidate will have deep expertise in C#/.NET, .NET Core, ASP.NET Web API, Entity Framework Core, React, TypeScript, SQL Server, and Microsoft Azure."
JOB-2026-09-13-170804-002,2026-09-13T17:08:06+00:00,5,main,"Synechron — Charlotte, NC",Dotnet Developer,remote,yes,unknown,"asp.net core, .net core",linkedin,https://www.linkedin.com/jobs/view/dotnet-developer-at-synechron-4464216209,N/A,,,,,,new,3+ years of professional software development experience. Strong experience with: C# and .NET / ASP.NET Core ... Senior .Net Developer (Remote in US).
JOB-2026-09-13-170804-003,2026-09-13T17:08:07+00:00,4,main,GovCIO - LinkedIn,C# / ASP.NET Application Engineer (Remote),remote,yes,unknown,"asp.net core, .net core, sql server",linkedin,https://www.linkedin.com/jobs/view/c%23-asp-net-application-engineer-remote-at-govcio-4466073939,N/A,,,,,,new,"GovCIO is hiring an experienced skilled C# / ASP.NET Application Engineer to maintain and enhance a C# ASP.NET web application with a SQL Server backend, SSIS"
JOB-2026-09-13-170804-004,2026-09-13T17:08:08+00:00,4,main,Appnovation,Backend Developer (.NET),remote,yes,unknown,"asp.net core, .net core, saas",linkedin,https://ca.linkedin.com/jobs/view/backend-developer-net-at-appnovation-4459659270,N/A,,,,,,new,"As a Senior Software Engineer - Backend, you will build the .NET services that carry the core business logic of a modern operational SaaS platform for K-12"
JOB-2026-09-13-170804-005,2026-09-13T17:08:10+00:00,4,main,Remote - Latin America,Senior Software Engineer (.NET + Vue),remote,yes,unknown,.net,linkedin,https://www.linkedin.com/jobs/view/4466392473,N/A,,,,,,new,Senior Software Engineer (.NET + Vue) - Remote - Mid-Senior level Employment. Senior Backend Developer - Mid-Level Frontend Developer (Blazor) - Remote - Latin
JOB-2026-09-13-170804-006,2026-09-13T17:08:11+00:00,4,main,"YO AI Labs — Miami, NM",.NET Developer - Remote,remote,yes,unknown,".net, c#",linkedin,https://www.linkedin.com/jobs/view/net-developer-remote-at-yo-ai-labs-4464899128,N/A,,,,,,new,"Base pay range $60.00/mo - $110.00/mo. We are looking for skilled backend developers to support projects. You'll use C#, .NET, and database expertise to build"
JOB-2026-09-13-170804-007,2026-09-13T17:08:14+00:00,4,main,LinkedIn,Senior Developer – C# / .NET / SQL – Hybrid / UK / Remote,remote,yes,unknown,"asp.net core, .net core, saas",linkedin,https://uk.linkedin.com/jobs/view/senior-developer-%E2%80%93-c%23-net-sql-%E2%80%93-hybrid-uk-remote-at-myo-talent-4466343472,N/A,,,,,,new,"Remote at MYO Talent. Base pay range £50,000.00/yr - £80,000.00/yr. Core / ASP.NET / Remote / Salary £50,000 – 65,000 + 15% bonus + £5,000 car allowance (up to"
JOB-2026-09-13-170804-008,2026-09-13T17:08:14+00:00,5,main,WSP in India,Senior Backend & Cloud Engineer,remote,yes,unknown,"asp.net core, .net core, saas, restful",linkedin,https://in.linkedin.com/jobs/view/senior-backend-cloud-engineer-at-wsp-in-india-4460296533,N/A,,,,,,new,"6-8 years of software engineering experience with a strong backend focus. Strong hands-on experience with C#, .NET, ASP.NET Core, RESTful APIs, and backend"
JOB-2026-09-13-170804-009,2026-09-13T17:08:15+00:00,5,main,Ust,"Senior Full stack developer (.NET, React, IA) 100% remote within ...",remote,yes,unknown,"asp.net core, .net core, azure, saas, react",linkedin,https://es.linkedin.com/jobs/view/senior-full-stack-developer-net-react-ia-100%25-remote-within-spain-at-ust-4463996302,N/A,,,,,,new,"We are seeking a highly skilled Senior Full Stack Developer with deep expertise in .NET, React, Azure Cloud, and Artificial Intelligence technologies. ASP.NET"
JOB-2026-09-13-170804-010,2026-09-13T17:08:17+00:00,4,main,Allied,Allied Global Technology Services hiring Senior Payments Engineer ...,remote,yes,unknown,.net,linkedin,https://www.linkedin.com/jobs/view/senior-payments-engineer-at-allied-global-technology-services-4466410771,N/A,,,,,,new,We're Hiring | Senior Payments Engineer. Payment Platforms | PCI DSS | .NET / PHP. Location: Remote – LATAM. Type: Full-time | Contractor.
JOB-2026-09-13-170804-011,2026-09-13T17:08:18+00:00,4,main,.Net Engineer (ASP.NET / SQL Server),Slalom Flex (Project Based),remote,yes,unknown,sql server,linkedin,https://www.linkedin.com/jobs/view/slalom-flex-project-based-net-engineer-asp-net-sql-server-at-slalom-4464880882,N/A,,,,,,new,global business and technology consulting company. Fully remote position. offer yearly $350 reimbursement account … base salary pay range is 80-100/hr. BackEnd
JOB-2026-09-13-170804-012,2026-09-13T17:08:22+00:00,4,main,Reliance Global Back Office - LinkedIn,Full Stack Engineer,remote,yes,unknown,"asp.net core, .net core, sql server, clean architecture, multi-tenant",linkedin,https://pt.linkedin.com/jobs/view/full-stack-engineer-at-reliance-global-back-office-4464223538,N/A,,,,,,new,"2 days ago ... Maintain the multi-tenant data model, token-billing logic, and caching tiers. ... NET 10, ASP.NET Core Minimal APIs; Dapper (raw SQL, not EF) over SQL Server"
JOB-2026-09-13-170804-013,2026-09-13T17:08:23+00:00,4,main,Work from home na empresa Nortal - LinkedIn,Staff .NET Engineer,remote,yes,unknown,"asp.net core, .net core, azure, clean architecture, multi-tenant",linkedin,https://br.linkedin.com/jobs/view/staff-net-engineer-work-from-home-at-nortal-4465170347,N/A,,,,,,new,"2 days ago ... Build clean, secure, and performant services and APIs using ASP.NET Core, C#, GraphQL, and Hot Chocolate. Own database architecture, including Azure SQL schema"
JOB-2026-09-13-170804-014,2026-09-13T17:08:26+00:00,5,main,Xpertise Recruitment,Full Stack .NET Developer,remote,yes,unknown,"react, typescript",linkedin,https://uk.linkedin.com/jobs/view/full-stack-net-developer-at-xpertise-recruitment-4463986832,N/A,,,,,,new,2 days ago ... Senior Full Stack Developer (C#/React/TypeScript) - REMOTE working. Mountain ... Senior Developer – C# / .NET / SQL – Hybrid / UK / Remote. MYO Talent.
JOB-2026-09-13-170804-015,2026-09-13T17:08:26+00:00,5,main,End Engineer- Remote - LinkedIn,Senior Blazor / .NET Front,remote,yes,unknown,"react, typescript",linkedin,https://www.linkedin.com/jobs/view/senior-blazor-net-front-end-engineer-remote-at-bpm-advisors-llc-4465424264,N/A,,,,,,new,"20 hours ago ... Senior Software Engineer - Full-Stack (.NET, React + Native Apps). ViewNexa ... Senior Software Engineer - .NET & React/Typescript. ImagineX. Atlanta, GA"
JOB-2026-09-13-170804-016,2026-09-13T17:08:27+00:00,5,main,Usa,Senior Software Engineer – React / TypeScript / GraphQL / .NET ...,remote,yes,unknown,"react, typescript",linkedin,https://ca.linkedin.com/jobs/view/senior-software-engineer-%E2%80%93-react-typescript-graphql-net-azure-frontend-architecture-at-usa-tech-recruit-4466055457,N/A,,,,,,new,"2 days ago ... As part of their continued product development, they are looking to hire a Senior Software Engineer – Full-Stack & Frontend to take ownership of the user"
JOB-2026-09-13-170804-017,2026-09-13T17:08:27+00:00,4,main,LinkedIn,Senior Full Stack Developer (React / .NET / AWS),remote,yes,unknown,"react, typescript, aws",linkedin,https://www.linkedin.com/jobs/view/senior-full-stack-developer-react-net-aws-at-tenarai-latam-4458090746,N/A,,,,,,new,2 days ago ... Posted 3:18:20 PM. WE'RE HIRING: Senior Full Stack Developer (React / .NET / AWS) Are you a senior engineer who…See this and similar jobs on LinkedIn.
JOB-2026-09-13-170804-018,2026-09-13T17:08:34+00:00,4,post,LinkedIn,Marque Impex's Post,remote,yes,unknown,"asp.net core, .net core, entity framework, sql server, rest api",linkedin,https://www.linkedin.com/posts/marque-impex_hiring-hiringalert-fullstackdeveloper-activity-7504430601727524864-z0Nd,N/A,,,,,,new,"1 day ago ... ... ASP.NET Core MVC, C#, MS SQL Server, SSMS, Entity Framework Core, REST APIs ... Hiring #HiringAlert #FullStackDeveloper #SoftwareDeveloper"
JOB-2026-09-13-170804-019,2026-09-13T17:08:34+00:00,4,post,Mahendran Mahesh R - LinkedIn,We're Hiring,remote,yes,unknown,"asp.net core, .net core, sql server",linkedin,https://www.linkedin.com/posts/mahendran-mahesh-r-198143216_were-hiring-net-developer-looking-activity-7504099697414840321-HCpx,N/A,,,,,,new,2 days ago ... We're Hiring | .NET Developer Looking for an experienced .NET Developer who ... NET | WinForms & WPF | ASP.NET Core & Web API | SQL Server | Windows
JOB-2026-09-13-170804-020,2026-09-13T17:08:34+00:00,4,post,LinkedIn,Squadstack solutions is Hiring (Freshers) Software ...,remote,yes,unknown,"asp.net core, .net core",linkedin,https://www.linkedin.com/posts/growthgalaxy_squadstack-solutions-%F0%9D%97%B6%F0%9D%98%80-%F0%9D%97%9B%F0%9D%97%B6%F0%9D%97%BF%F0%9D%97%B6%F0%9D%97%BB%F0%9D%97%B4-activity-7504411268179730432-zTbF,N/A,,,,,,new,1 day ago ... Squadstack solutions is Hiring (Freshers) Software Developer ... Full Stack.Net Developer | C# | ADO.NET | ASP.NET CORE MVC | Entity
JOB-2026-09-13-170804-021,2026-09-13T17:08:34+00:00,3,post,LinkedIn,freshers #recruitment #freshersjobs #way2freshers ...,remote,yes,unknown,"asp.net core, .net core",linkedin,https://www.linkedin.com/posts/way2fresher_freshers-recruitment-freshersjobs-activity-7504372431269117952-41sX,N/A,,,,,,new,"2 days ago ... We're Hiring | .NET Developer Adiras Technologies Private Limited ... Net core developer,worked as an Associate consultant in Capgemini. 2h. Report"
JOB-2026-09-13-170804-022,2026-09-13T17:08:34+00:00,4,post,Flipkart: Software Development Engineer,Hiring,remote,yes,unknown,"asp.net core, .net core, docker, microservices, rest api",linkedin,https://www.linkedin.com/posts/yamunabotta_hiring-at-flipkart-software-development-activity-7504177859658211328-fYkn,N/A,,,,,,new,"2 days ago ... Senior Software Engineer | Full Stack .NET Developer | C#, ASP.NET Core, .NET 8 | AWS | Microservices | SQL | REST APIs | Docker | Kubernetes | Angular | AI &"
JOB-2026-09-13-170804-023,2026-09-13T17:08:34+00:00,4,post,LinkedIn,D Ajay Kumar's Post,remote,yes,unknown,"asp.net core, .net core, azure, react",linkedin,https://www.linkedin.com/posts/d-ajay-kumar-8800171b7_the-hiring-manager-asked-me-what-salary-activity-7504879245014286336-eG0t,N/A,,,,,,new,"5 hours ago ... The hiring manager asked me, ""What salary are you ... Full-Stack .NET Developer | C# | ASP.NET Core | Angular | React | Azure | AI Agents | RAG | MCP."
JOB-2026-09-13-170804-024,2026-09-13T17:08:35+00:00,3,post,Tensor Harbor is Hiring - LinkedIn,VISHAL PATIL's Post,remote,yes,unknown,.net,linkedin,https://www.linkedin.com/posts/vishal-patil-9306aa211_tensor-harbor-is-hiring-software-developer-activity-7504398389883813888-qSW_,N/A,,,,,,new,Tensor Harbor is Hiring .NET • Web Developer – Frontend / Backend. Location: Pune 👨💻 Experience Required: Freshers & Experienced candidates welcome. Apply here
JOB-2026-09-15-174920-001,2026-09-15T17:49:25+00:00,4,main,LinkedIn,Netrolynx AI hiring .Net Developer in United States,remote,yes,unknown,".net, c#",linkedin,https://www.linkedin.com/jobs/view/net-developer-at-netrolynx-ai-4467076271,N/A,,,,,,new,"$110,000 - $160,000 5 days ago. Mid-Level Software Developer, Back End. Web Developer - Remote Full Stack C# Web Developer - Remote Gandiv"
JOB-2026-09-15-174920-002,2026-09-15T17:49:26+00:00,4,main,".Net in Wilmington, OH | LinkedIn",R+L Carriers hiring Developer,remote,yes,unknown,.net,linkedin,https://www.linkedin.com/jobs/view/developer-net-at-r%2Bl-carriers-4466139476,N/A,,,,,,new,"R+L Carriers is seeking an experienced AI & .NET Developer … 5+ years of software development experience. Mid-Level Software Developer, Back End"
JOB-2026-09-15-174920-003,2026-09-15T17:49:26+00:00,5,main,"Take2 Consulting, LLC",NET Developer,remote,yes,unknown,.net core,linkedin,https://www.linkedin.com/jobs/view/net-developer-at-take2-consulting-llc-4467242174,N/A,,,,,,new,"Contract Mid-Senior level role. 4+ years of professional experience in full-stack software development using C# and .NET Core. $110,000 - $160,000 6 days ago."
JOB-2026-09-15-174920-004,2026-09-15T17:49:29+00:00,4,main,"Noir — Greater London, England, United Kingdom",NET Developer,remote,yes,unknown,"asp.net core, .net core, saas",linkedin,https://uk.linkedin.com/jobs/view/net-developer-at-noir-4467211479,N/A,,,,,,new,"ASP.NET Core, Remote Working Salary: £85,000 - £105,000 + Bonus + Pension + Benefits Applicants must be based in the UK and have the right to work in the UK"
JOB-2026-09-15-174920-005,2026-09-15T17:49:30+00:00,5,main,LinkedIn,Akkodis hiring Senior Dotnet Developer in United States,remote,yes,unknown,"asp.net core, .net core, saas",linkedin,https://www.linkedin.com/jobs/view/senior-dotnet-developer-at-akkodis-4465789773,N/A,,,,,,new,Akkodis is seeking a Senior .Net Developer for a contract position for 100% REMOTE. Pay Range: $70/hr. - $80/hour; Qualifications 8+ years of experience
JOB-2026-09-15-174920-006,2026-09-15T17:49:30+00:00,4,main,Accion Labs,Lead Dotnet Developer,remote,yes,unknown,"asp.net core, .net core, saas",linkedin,https://www.linkedin.com/jobs/view/lead-dotnet-developer-at-accion-labs-4467088760,N/A,,,,,,new,"Remote Duration: 12 months contract Must have: Technical Lead / .NET Lead, C#, ASP.NET, and ASP.NET Web API. with C#, ASP.NET, and ASP.NET Web API. $110,000 -"
JOB-2026-09-15-174920-007,2026-09-15T17:49:31+00:00,4,main,LinkedIn,"LingaTech hiring Senior .NET Developer in Harrisburg, PA",remote,yes,unknown,"asp.net core, .net core, saas",linkedin,https://www.linkedin.com/jobs/view/senior-net-developer-at-lingatech-4465211662,N/A,,,,,,new,"Location: Harrisburg, PA Position Type: Mostly Remote Hybrid Schedule: Mostly remote role, must come onsite to pick up equipment"
JOB-2026-09-15-174920-008,2026-09-15T17:49:38+00:00,5,main,first Saas Engineer - Jobs - LinkedIn,Senior Full Stack AI,remote,yes,unknown,"saas, react, typescript",linkedin,https://za.linkedin.com/jobs/view/senior-full-stack-ai-first-saas-engineer-at-jobgether-4465770278,N/A,,,,,,new,"Build and deliver full-stack features using React, TypeScript, and Node. ... Senior Full Stack .Net Developer - Full Remote, South Africa. Ada Meher. South"
JOB-2026-09-15-174920-009,2026-09-15T17:49:40+00:00,5,main,Hired — South Africa,Full-Stack Developer (Remote),remote,yes,unknown,"react, typescript",linkedin,https://za.linkedin.com/jobs/view/full-stack-developer-remote-at-hired-4467094447,N/A,,,,,,new,"We are hiring for one of our clients, seeking a JavaScript / TypeScript Full-Stack Developer to work on a full-time basis. ... Senior Full Stack .Net Developer -"
JOB-2026-09-15-174920-010,2026-09-15T17:49:41+00:00,4,main,LinkedIn,Net Full Stack Developer with React and strong AI,remote,yes,unknown,"react, typescript",linkedin,https://www.linkedin.com/jobs/view/net-full-stack-developer-with-react-and-strong-ai-at-pineq-lab-technology-4465210583,N/A,,,,,,new,"We are seeking a highly capable Full Stack Software Developer with strong expertise in .NET (backend) and React (frontend), combined with hands-on experience in"
JOB-2026-09-15-174920-011,2026-09-15T17:49:48+00:00,4,post,LinkedIn,Shemeer P T,remote,yes,unknown,"asp.net core, .net core, rest api, react",linkedin,https://www.linkedin.com/posts/shemeerpt_hiring-seniorsoftwaredeveloper-csharp-activity-7505576608582225920-KA-J,N/A,,,,,,new,"Hiring: Senior Software Developer. Experience: 5+ Years Domain: Experience: 5+ Years ・ in React, ASP.NET Core Web API and REST APIs ・ hr@auraboomsol.com"
JOB-2026-09-15-174920-012,2026-09-15T17:49:48+00:00,4,post,LinkedIn,Mayur Panchal's Post,remote,yes,unknown,"asp.net core, .net core",linkedin,https://www.linkedin.com/posts/mayurpanchal_hiring-dotnet-fullstackdeveloper-activity-7504870585911508992-tDlS,N/A,,,,,,new,"We're Hiring | .NET Full Stack Developer | Dubai | 10 Openings Excellent ... Riasat Ali. Software Engineer | 5+ Years Experience | ASP.NET Core, C#, ASP"
JOB-2026-09-15-174920-013,2026-09-15T17:49:48+00:00,4,post,NTT DATA,"REMOTE (New Orleans, LA, US) Job",remote,yes,unknown,"asp.net core, .net core",linkedin,https://www.linkedin.com/posts/himalayasapp_remote-net-aspnet-developer-remote-new-activity-7504976015459328000-nC0F,N/A,,,,,,new,"NTT DATA is hiring a remote .NET ASP.NET Developer - REMOTE (New Orleans, LA, US) #NTTDATA #remotework #remotejob #workfromhome #ASP.NET #C# #."
JOB-2026-09-17-175104-001,2026-09-17T17:51:08+00:00,4,main,My3Tech,"My3Tech hiring Senior Dotnet Developer in Iowa, United States",remote,yes,unknown,"asp.net core, .net core",linkedin,https://www.linkedin.com/jobs/view/senior-dotnet-developer-at-my3tech-4465903125,N/A,,,,,,new,"Hi All,. *** Greetings from My3tech ***. Job: Senior .NET/SQL Full-Stack Developer. Location : IOWA Remote. Note: IOWA Locals only."
JOB-2026-09-17-175104-002,2026-09-17T17:51:09+00:00,4,main,Precision Technologies,Lead Dotnet Developer,remote,yes,unknown,"asp.net core, .net core",linkedin,https://www.linkedin.com/jobs/view/lead-dotnet-developer-at-precision-technologies-4466507854,N/A,,,,,,new,Lead .NET Developer – 10–15 Years. Location: New Jersey – Remote. Experience: 10–15 Years. Employment Type: Full-Time. Work Arrangement: Remote with
JOB-2026-09-17-175104-003,2026-09-17T17:51:12+00:00,4,main,"Inherent Technologies — Minneapolis, MN",NET Backend Developer,remote,yes,unknown,.net,linkedin,https://www.linkedin.com/jobs/view/net-backend-developer-at-inherent-technologies-4467761864,N/A,,,,,,new,"Position: .NET Backend Developer Location: Minneapolis, MN***REMOTE*** Duration: 1 Year Key Responsibilities Please list 3-5 primary responsibilities for"
JOB-2026-09-17-175104-004,2026-09-17T17:51:13+00:00,4,main,Remote in Iowa ... - LinkedIn,Lean TECHniques hiring .NET Engineer,remote,yes,unknown,.net,linkedin,https://www.linkedin.com/jobs/view/net-engineer-remote-at-lean-techniques-4467929949,N/A,,,,,,new,"Mid-Level Software Developer, Back End. Antech Systems, Inc. United States 1 ... .NET Developer, InfoTrack Exchange. InfoTrack US. United States $110,000"
JOB-2026-09-17-175104-005,2026-09-17T17:51:17+00:00,5,main,Bright,Bright Vision Technologies hiring Senior .NET Solutions Developer ...,remote,yes,unknown,"asp.net core, .net core, saas",linkedin,https://www.linkedin.com/jobs/view/senior-net-solutions-developer-at-bright-vision-technologies-4468273907,N/A,,,,,,new,"100% Remote (U.S.) C# and .NET Core. ASP.NET Web API, Advanced proficiency in C#, .NET Core, and ASP.NET Web API, $150,000 - $200,000 2 weeks ago"
JOB-2026-09-17-175104-006,2026-09-17T17:51:24+00:00,5,main,LinkedIn,"Senior Data & Analytics Engineer (Europe, 100% remote)",remote,yes,unknown,"asp.net core, .net core, clean architecture, multi-tenant",linkedin,https://es.linkedin.com/jobs/view/senior-data-analytics-engineer-europe-100%25-remote-at-limeflight-4431901033?refId=aVjbhBC0J%2FmvDbRbZDQadQ%3D%3D&trackingId=wvZPS15pNDnhU6ZARgZokA%3D%3D,N/A,,,,,,new,"Join our fully remote, Join our fully remote, (clean, modular, scalable data platform) Support multi-tenant architecture, security, and governance. ASP.NET"
JOB-2026-09-17-175104-007,2026-09-17T17:51:28+00:00,5,main,Remote - LinkedIn,Senior Software Developer (.NET / React) + AI,remote,yes,unknown,"react, typescript",linkedin,https://au.linkedin.com/jobs/view/senior-software-developer-net-react-%2B-ai-remote-at-novus-recruitment-solutions-4467142283,N/A,,,,,,new,Senior Full Stack Software Developer (.NET / React) + AIRemote Australia | $200k-$230k. This is a genuinely full-stack web development role. TypeScript Genuine
JOB-2026-09-17-175104-008,2026-09-17T17:51:28+00:00,5,main,Remote - Latin America,Software Engineer (.NET + Angular),remote,yes,unknown,"react, typescript",linkedin,https://www.linkedin.com/jobs/view/4467911334,N/A,,,,,,new,"StackFullStack is your AI-native engineering partner, Full Stack Laravel + React Developer - Remote, TypeScript/JavaScript Engineer (Senior) - Remote,"
JOB-2026-09-17-175104-009,2026-09-17T17:51:29+00:00,4,main,"TechWish — Fremont, CA",Full Stack .NET Developer,remote,yes,unknown,"sql server, react, typescript",linkedin,https://www.linkedin.com/jobs/view/full-stack-net-developer-at-techwish-4468214191,N/A,,,,,,new,"Role: Full Stack . You'll work across the whole stack: a .NET service layer backing a React + TypeScript workspace, sitting on top of MySQL and SQL Server."
JOB-2026-09-17-175104-010,2026-09-17T17:51:37+00:00,4,post,LinkedIn,ACTE Technologies' Post,remote,yes,unknown,"asp.net core, .net core",linkedin,https://www.linkedin.com/posts/acte-india_hiring-dotnetdeveloper-netdeveloper-activity-7505975483738796033-rfaT,N/A,,,,,,new,Hiring Alert – Chennai! Great opportunity for freshers to start their career in .NET development! | ASP.NET Core |. ASP.NET Core (MVC)
JOB-2026-09-17-175104-011,2026-09-17T17:51:37+00:00,4,post,LinkedIn,"USA STAFFING, USA JOBS (Top 600+ daily US JOBS)",remote,yes,yes,"asp.net core, .net core",linkedin,https://www.linkedin.com/posts/us-staffings_full-stack-net-developer-activity-7505634055741345792-G885,N/A,,,,,,new,"We're Hiring: Full Stack .NET Developer Location: Austin, TX. No Relocation Experience: 13+ Years Coding. C# / ASP.NET / .NET Core WebAPI. Contact: +1 716-288-"
JOB-2026-09-17-175104-012,2026-09-17T17:51:37+00:00,3,post,LinkedIn,ComUnus Technologies Pvt Ltd's Post,remote,yes,unknown,"asp.net core, .net core",linkedin,https://www.linkedin.com/posts/comunus-technolgies-pvt-ltd_hiring-cu-comunus-activity-7505993677459050496-NBzX,N/A,,,,,,new,ComUnus Job Portal: https://hungryforjob.com ComUnus is #Hiring Position: .NET Developer Experience: 5 to 8 years Location: Mumbai Joining Preference:
JOB-2026-09-17-175104-013,2026-09-17T17:51:37+00:00,3,post,LinkedIn,Agnieszka Rachwalak's Post,remote,yes,unknown,"asp.net core, .net core",linkedin,https://www.linkedin.com/posts/agnieszka-rachwalak_were-hiring-backend-engineers-to-help-activity-7505622714066296833-i5E2,N/A,,,,,,new,We're hiring backend engineers to help power the tools our filmmakers rely on. We're looking for strong L5/L6 Backend Engineers to join our team. .NET
JOB-2026-09-17-175104-014,2026-09-17T17:51:39+00:00,4,post,zendev - LinkedIn,"""we're hiring"" but make it nafaka",remote,yes,unknown,".net, c#",linkedin,https://www.linkedin.com/posts/zendev-ab_were-hiring-but-make-it-nafaka-activity-7505985607316385792-5aYK,N/A,,,,,,new,"8 open positions: - Medior Backend Engineer (C# .NET), 2 spots - Medior/Senior Automation Tester (Playwright, PL/SQL), 2 spots - Medior Technical Tester ("
JOB-2026-09-20-170703-001,2026-09-20T17:07:05+00:00,5,main,"ASP.NET Core, C#, and SQL Server",Senior IT Application Developer,remote,yes,unknown,"asp.net core, .net core, sql server",linkedin,https://www.linkedin.com/jobs/view/senior-it-application-developer-asp-net-core-c%23-and-sql-server-at-redtech-4468017966,N/A,,,,,,new,"Base pay range $75.00/hr - $85.00/hr. Location - Remote, but must reside in the US. Experience in full-stack development, including backend and frontend"
JOB-2026-09-20-170703-002,2026-09-20T17:07:06+00:00,5,main,Haystack,Senior Full Stack .NET Developer,remote,yes,unknown,"asp.net core, .net core",linkedin,https://www.linkedin.com/jobs/view/senior-full-stack-net-developer-at-haystack-4466965976,N/A,,,,,,new,"'ll Need 6+ years of ASP.NET Core/C# development experience. Remote US Sr. $110,000 - $130,000"
JOB-2026-09-20-170703-003,2026-09-20T17:07:07+00:00,4,main,Remote,FullStack hiring Software Developer (.NET + Vue 3),remote,yes,unknown,"asp.net core, .net core",linkedin,https://www.linkedin.com/jobs/view/4469260485,N/A,,,,,,new,Proven experience working with .NET Core 5 or later. Strong experience building modern web applications using Vue 3 and the Composition API with script setup.
JOB-2026-09-20-170703-004,2026-09-20T17:07:07+00:00,4,main,PBS Radiology Business Experts,Software C#/.NET Developer,remote,yes,unknown,"asp.net core, .net core",linkedin,https://www.linkedin.com/jobs/view/software-c%23-net-developer-at-pbs-radiology-business-experts-4468013653,N/A,,,,,,new,"We're hiring a C#/.NET Developer ・ a 100% remote environment. Experience with ASP.NET Core, MVC, Blazor, or medical industry applications ・ $130,000 - $160,"
JOB-2026-09-20-170703-005,2026-09-20T17:07:08+00:00,4,main,A1 Associates llc - LinkedIn,Senior Dotnet Developer/ Dynamic CRM,remote,yes,unknown,"asp.net core, .net core, sql server",linkedin,https://www.linkedin.com/jobs/view/senior-dotnet-developer-dynamic-crm-at-a1-associates-llc-4467881991,N/A,,,,,,new,"We are looking for an experienced .NET Developer. Work with ASP.NET, .NET Core, Web API, SQL Server, and related Microsoft technologies. $65 - $80 4 weeks"
JOB-2026-09-20-170703-006,2026-09-20T17:07:16+00:00,4,main,FinTech | London Hybrid 1-2 days | £75-85K,Senior .NET Engineer,remote,yes,unknown,.net,linkedin,https://uk.linkedin.com/jobs/view/senior-net-engineer-fintech-london-hybrid-1-2-days-%C2%A375-85k-at-auro-recruitment-group-4467878788,N/A,,,,,,new,I'm working with a FinTech business in London that is looking for an experienced Senior .NET Engineer to join a technology team going through a significant
JOB-2026-09-20-170703-007,2026-09-20T17:07:22+00:00,4,main,Deservely Technologies,Full Stack developer(.Net +React js),remote,yes,unknown,"asp.net core, .net core, postgresql, postgres, clean architecture",linkedin,https://in.linkedin.com/jobs/view/full-stack-developer-net-%2Breact-js-at-deservely-technologies-4467877027,N/A,,,,,,new,"Work with PostgreSQL for complex joins, transactions, query optimization, and safe concurrent data operations. Build secure multi-tenant SaaS applications,"
JOB-2026-09-20-170703-008,2026-09-20T17:07:25+00:00,4,main,Remote - Latin America,Software Developer (.NET + Vue 3),remote,yes,unknown,"react, typescript",linkedin,https://www.linkedin.com/jobs/view/4469257642,N/A,,,,,,new,"Apply for Software Developer (.NET + Vue 3) - Remote - Latin America at FullStack in Santa Cruz de la Sierra, Santa Cruz, Bolivia. Full-time Associate role."
JOB-2026-09-20-170703-009,2026-09-20T17:07:32+00:00,4,post,LinkedIn,Huptech HR Solutions' Post,remote,yes,unknown,"asp.net core, .net core, entity framework",linkedin,https://www.linkedin.com/posts/huptechhr-solutions_hiring-clienthiring-dotnetjobs-activity-7506701496957341696-gAxa,N/A,,,,,,new,HIRING | SENIOR / LEAD FULL-STACK .NET DEVELOPER 5+ Years ... Key Skills: ✓ C# / .NET / ASP.NET Core / Web API ✓ Entity Framework & MVC
JOB-2026-09-20-170703-010,2026-09-20T17:07:32+00:00,4,post,C# .NET Back-end Engineer - LinkedIn,William Keller,remote,yes,unknown,"asp.net core, .net core",linkedin,https://www.linkedin.com/posts/keller-william_hiring-c-net-back-end-engineer-remoto-activity-7506740633521270785-89iA,N/A,,,,,,new,"HIRING - C# .NET Back-end Engineer - REMOTO - $USD 4.000-6.000 5+ years of software development experience Strong proficiency with C#, ."
JOB-2026-09-20-170703-011,2026-09-20T17:07:35+00:00,4,post,LinkedIn,Sharon M.'s Post,remote,yes,unknown,".net, c#",linkedin,https://www.linkedin.com/posts/sharon-morales-serrano_kake-hiring-techjobs-activity-7507119725639028736-FsXn,N/A,,,,,,new,... hiring! We have multiple opportunities for talented people across Backend ... Giovanni Alvarez G. Senior Full Stack Developer | .NET / C# / Angular | SQL
JOB-2026-09-20-170703-012,2026-09-20T17:07:37+00:00,4,post,LinkedIn,Syed Muhammad Bilal Gillani's Post,gulf,yes,unknown,".net, asp.net, c#",linkedin,https://www.linkedin.com/posts/asjidgilani_were-hiring-backend-developer-looking-activity-7506672242194423809-rVAk,N/A,,,,,,new,"We're Hiring — Backend Developer Looking for a skilled Backend Developer for remote, project-based work ... Full-Stack .NET Developer | C# | Asp.Net"
JOB-2026-09-22-174925-001,2026-09-22T17:49:31+00:00,5,main,Yoh,Senior Full Stack Developer React/JavaScript and C#/.NET Core,remote,yes,unknown,"asp.net core, .net core, react",linkedin,https://www.linkedin.com/jobs/view/senior-full-stack-developer-react-javascript-and-c%23-net-core-at-yoh-a-day-zimmermann-company-4470211271,N/A,,,,,,new,"Senior Full Stack .NET Developer (React, .NET Core, C#, SQL) 6 month contract to hire (W2 ONLY, NO C-C) Irving, TX (Onsite 4 days a week)"
JOB-2026-09-22-174925-002,2026-09-22T17:49:32+00:00,4,main,"YO AI Labs — Phoenix, AZ",NET Developer - Remote,remote,yes,unknown,"asp.net core, .net core",linkedin,https://www.linkedin.com/jobs/view/net-developer-remote-at-yo-ai-labs-4465102106,N/A,,,,,,new,"We are looking for skilled backend developers to support AI training and evaluation projects. You'll use C#, .NET, and database expertise to build reliable"
JOB-2026-09-22-174925-003,2026-09-22T17:49:34+00:00,5,main,Level to Senior C#/.NET Developer- Remote - LinkedIn,Mid,remote,yes,unknown,".net, c#",linkedin,https://www.linkedin.com/jobs/view/mid-level-to-senior-c%23-net-developer-remote-at-consultnet-technology-services-and-solutions-4468103445,N/A,,,,,,new,"Mid-Level to Senior C#/.NET Developer Remote, MST 9- month contract Pay Rate: $50.00 - $60.00per hr. begin in early October 2026 and continue through June 2027"
JOB-2026-09-22-174925-004,2026-09-22T17:49:35+00:00,5,main,"Insight Global — Connecticut, United States",.NET Developer,remote,yes,unknown,.net,linkedin,https://www.linkedin.com/jobs/view/net-developer-at-insight-global-4468148569,N/A,,,,,,new,Contract Mid-Senior level role. Base pay range $55.00/hr - $65.00/hr Remote 6 Month Contract ・ $55-$65/hr ・ 5+ years of application development experience on
JOB-2026-09-22-174925-005,2026-09-22T17:49:36+00:00,4,main,micro1 — APJ,Backend C#/.NET Developer,remote,yes,unknown,".net, c#",linkedin,https://www.linkedin.com/jobs/view/backend-c%23-net-developer-at-micro1-4469938832,N/A,,,,,,new,"Apply for Backend C#/.NET Developer at micro1 in APJ. Contract Mid-Senior level role. See responsibilities, qualifications, and similar jobs on LinkedIn."
JOB-2026-09-22-174925-006,2026-09-22T17:49:36+00:00,4,main,Consultants,Senior Dotnet Developer‏ في ‏Consultants Valley‏ — ‏القاهرة مصر,remote,yes,unknown,microservices,linkedin,https://eg.linkedin.com/jobs/view/senior-dotnet-developer-at-consultants-valley-4468586596,N/A,,,,,,new,Minimum 5 years of experience as a C# .NET Developer with extensive experience in building Microservices applications. Strong understanding and practical
JOB-2026-09-22-174925-007,2026-09-22T17:49:38+00:00,4,main,Bright Vision Technologies - LinkedIn,Net Developer with AEM,remote,yes,unknown,"asp.net core, .net core, saas",linkedin,https://www.linkedin.com/jobs/view/net-developer-with-aem-at-bright-vision-technologies-4469953717,N/A,,,,,,new,Good understanding of .NET / C# and enterprise application integration. ASP.NET Application Engineer (Remote)
JOB-2026-09-22-174925-008,2026-09-22T17:49:39+00:00,5,main,Tradezero,C# / .NET Developer — API Identity authentication and authorization ...,remote,yes,unknown,"asp.net core, .net core, saas, identity",linkedin,https://www.linkedin.com/jobs/view/c%23-net-developer-%E2%80%94-api-identity-authentication-and-authorization-services-at-tradezero-america-4469965349,N/A,,,,,,new,"We are looking for a mid-level C# / .NET developer ・ 3–5 years of professional experience with C# and .NET (ASP.NET Core) $150,000 - $200,000 2 weeks ago ・ $"
JOB-2026-09-22-174925-009,2026-09-22T17:49:47+00:00,4,main,LinkedIn,"Software Engineer (TypeScript/React, .Net Desirable)",gulf,unknown,yes,"react, typescript",linkedin,https://www.linkedin.com/jobs/view/software-engineer-typescript-react-net-desirable-at-hays-4467618176,N/A,,,,,,new,"Base pay range $80,000.00/yr - $150,000.00/yr. This role cannot offer Visa Sponsorship, you must have full working rights in the US. Secondary skills include C"
JOB-2026-09-22-174925-010,2026-09-22T17:49:52+00:00,5,main,Netrolynx AI,Full Stack Developer,remote,yes,unknown,"azure, react, typescript",linkedin,https://uk.linkedin.com/jobs/view/full-stack-developer-at-netrolynx-ai-4469842589,N/A,,,,,,new,"The role offers the opportunity to work with modern technologies including React, Next.js, TypeScript, C#, .NET, and Microsoft Azure. Your responsibilities will"
JOB-2026-09-22-174925-011,2026-09-22T17:49:59+00:00,4,post,LinkedIn,Roshan Lamichhane's Post,remote,yes,unknown,"asp.net core, .net core, react, typescript",linkedin,https://www.linkedin.com/posts/roshan-lamichhane-profile_hiring-5-7-senior-full-stack-developers-activity-7508032441484423170-rzmt,N/A,,,,,,new,"Hiring: 5-7 Senior Full Stack Developers (C#, .NET, React, TypeScript) for our European business. 5+ years experience, strong hands-on with .NET/ASP.NET Core"
JOB-2026-09-22-174925-012,2026-09-22T17:49:59+00:00,4,post,47Billion is Hiring - LinkedIn,Harshita Panwar's Post,remote,yes,unknown,"asp.net core, .net core, microservices, rest api",linkedin,https://www.linkedin.com/posts/harshitapanwar14_47billion-is-hiring-net-developer-we-are-activity-7507764326930472960-lSAy,N/A,,,,,,new,"What we are looking for: - Strong expertise in C#, .NET Core / .NET 8+, REST APIs, and microservices architecture. - Hands-on experience with SQL databases,"
JOB-2026-09-22-174925-013,2026-09-22T17:49:59+00:00,4,post,LinkedIn,Mumbai Looking for a .NET Developer with strong ...,remote,yes,unknown,"asp.net core, .net core, sql server",linkedin,https://www.linkedin.com/posts/yanand96_were-hiring-net-developer-exp-3-activity-7507723931873898496-deGy,N/A,,,,,,new,We're Hiring | .NET Developer Exp: 3+ years Location: Jaipur ... Key Skills: .NET / ASP.NET / C# / .NET Core • SQL Server & T-SQL •Stored
JOB-2026-09-22-174925-014,2026-09-22T17:49:59+00:00,4,post,LinkedIn,Applab Qatar's Post,remote,yes,unknown,"asp.net core, .net core",linkedin,https://www.linkedin.com/posts/applabqatar_hiring-dotnetdeveloper-dotnet-activity-7507381401831305216-MdkA,N/A,,,,,,new,We're Hiring – .NET Developer We're looking for a skilled .NET Developer with 4+ years of experience to join our dynamic team. The ideal candidate should
JOB-2026-09-22-174925-015,2026-09-22T17:49:59+00:00,3,post,LinkedIn,Erika Andrus' Post,remote,yes,unknown,"asp.net core, .net core",linkedin,https://www.linkedin.com/posts/activity-7507832232007380992-XZrH,N/A,,,,,,new,"Now Hiring: .NET Developer | Montgomery, AL I'm working on an exciting application modernization project focused on migrating legacy applications from ."
JOB-2026-09-22-174925-016,2026-09-22T17:49:59+00:00,4,post,LinkedIn,Muhammad Suhaib's Post,remote,yes,unknown,"asp.net core, .net core",linkedin,https://www.linkedin.com/posts/muhammadsuhaib-_hiring-dotnet-netdeveloper-activity-7508037718422171648-nHUc,N/A,,,,,,new,"Brain Games Studio is hiring Senior .NET Backend Engineer! Location: Johar Town, Lahore Job Type: Full-Time,"
JOB-2026-09-24-180303-001,2026-09-24T18:03:08+00:00,4,main,"QuantumCorrp — Atlanta, GA",Senior Dotnet Developer,remote,yes,unknown,"asp.net core, .net core, azure",linkedin,https://www.linkedin.com/jobs/view/senior-dotnet-developer-at-quantumcorrp-4469604787,N/A,,,,,,new,"DECAL is seeking a Senior .NET Developer to modernize a mission-critical statewide application, migrating legacy ASP.NET solutions to modern .NET and Azure"
JOB-2026-09-24-180303-002,2026-09-24T18:03:12+00:00,4,main,System Soft Technologies,Net with Facets Developer - Remote role,remote,yes,unknown,.net,linkedin,https://www.linkedin.com/jobs/view/net-with-facets-developer-remote-role-at-system-soft-technologies-4468792739,N/A,,,,,,new,Title: .Net with Facets Developer. Location: 100% Remote. Only W2 Consultant. We are looking for an experienced Health Payer professional with strong
JOB-2026-09-24-180303-003,2026-09-24T18:03:12+00:00,3,main,TaskVerse — United States,NET Developer,remote,yes,unknown,.net,linkedin,https://www.linkedin.com/jobs/view/net-developer-at-taskverse-4470932725,N/A,,,,,,new,"Apply for .NET Developer at TaskVerse in United States. Full-time Associate role. See responsibilities, qualifications, and similar jobs on LinkedIn."
JOB-2026-09-24-180303-004,2026-09-24T18:03:15+00:00,5,main,to-hire - LinkedIn,Sr. Software Engineer (.NET Core/C#/Azure) contract,remote,yes,unknown,"asp.net core, .net core, azure, saas",linkedin,https://www.linkedin.com/jobs/view/sr-software-engineer-net-core-c%23-azure-contract-to-hire-at-the-judge-group-4469371315,N/A,,,,,,new,Apply for Sr. Software Engineer (.NET Core/C#/Azure) contract-to-hire. Base pay range $80.00/hr - $120.00/hr … a hybrid schedule (1-3 days/week on-site).
JOB-2026-09-24-180303-005,2026-09-24T18:03:17+00:00,4,main,KDR Talent Solutions - LinkedIn,Dotnet Developer,remote,yes,unknown,".net, c#",linkedin,https://uk.linkedin.com/jobs/view/dotnet-developer-at-kdr-talent-solutions-4470983060,N/A,,,,,,new,"Direct domain experience in Payments, Fintech, Core Banking, or High-Volume Transaction Processing. ... Backend Developer - C#/.NET (Remote). Quik Hire Staffing."
JOB-2026-09-24-180303-006,2026-09-24T18:03:18+00:00,5,main,Bankjoy,Senior Software Engineer - Full Stack - .NET,remote,yes,unknown,react,linkedin,https://ca.linkedin.com/jobs/view/senior-software-engineer-full-stack-net-at-bankjoy-4471183177,N/A,,,,,,new,"Partner backed FinTech startup. transaction processing systems in FinTech domain. Fully Remote Lead Full Stack Engineer (.Net, Vue/React)"
JOB-2026-09-24-180303-007,2026-09-24T18:03:18+00:00,5,main,The Judge ...,Sr. Software Engineer - .NET/C#/Azure,remote,yes,unknown,azure,linkedin,https://www.linkedin.com/jobs/view/sr-software-engineer-net-c%23-azure-at-the-judge-group-4469758149,N/A,,,,,,new,Financial services or fintech experience. Experience with TDD/BDD practices and ... Senior .NET Engineer (Legacy Modernization & Backend Systems) (Remote).
JOB-2026-09-24-180303-008,2026-09-24T18:03:19+00:00,5,main,Client Server,Senior Software Engineer C# .Net - FinTech,remote,yes,unknown,.net core,linkedin,https://uk.linkedin.com/jobs/view/senior-software-engineer-c%23-net-fintech-at-client-server-4465077430,N/A,,,,,,new,"Base pay range £78,000.00/yr - £90,000.00/yr. WFH to £90k. There's a flexible work from home hybrid model, .Net Core backend software development, Backend"
JOB-2026-09-24-180303-009,2026-09-24T18:03:28+00:00,5,main,Remote - Latin America,Senior Software Engineer (CRM+ Platform),remote,yes,unknown,"react, typescript",linkedin,https://www.linkedin.com/jobs/view/4471124960,N/A,,,,,,new,"5+ years of professional software engineering experience, with deep expertise in C#/.NET. 3+ years of professional experience with Vue; React or Angular"
JOB-2026-09-24-180303-010,2026-09-24T18:03:37+00:00,4,post,LinkedIn,Samuel Holloway's Post,remote,yes,unknown,".net, c#",linkedin,https://www.linkedin.com/posts/samuel-holloway-2ba43084_dotnet-csharp-hiring-activity-7508078368592961536-hLVy,N/A,,,,,,new,"... Hiring: .NET engineers, Medior+, must already be based in the Netherlands 12 live roles across 3 companies for C#/.NET engineers. All backend-focused, cloud"
JOB-2026-09-24-180303-011,2026-09-24T18:03:37+00:00,3,post,LinkedIn,Meditab India's Post,remote,yes,unknown,.net,linkedin,https://www.linkedin.com/posts/meditabsoftwareindiapvt.ltd._hiring-dotnetdeveloper-backenddeveloper-activity-7508458778195886080-238a,N/A,,,,,,new,We Are Hiring – .NET Developer We are looking for skilled and passionate .NET Developers to join our team!
JOB-2026-09-27-175848-001,2026-09-27T17:58:51+00:00,4,main,Jobs,Senior Developer – C# / .NET / Web / Remote / UK,remote,yes,unknown,"asp.net core, .net core",linkedin,https://uk.linkedin.com/jobs/view/senior-developer-%E2%80%93-c%23-net-web-remote-uk-at-myo-talent-4472066563,N/A,,,,,,new,"Base pay range £50,000.00/yr - £80,000.00/yr. Core / ASP.NET / Remote / UK / Salary £50,000 – 65,000 + 15% bonus + £5,000 car allowance (up to £80,000 package)"
JOB-2026-09-27-175848-002,2026-09-27T17:58:52+00:00,4,main,Proxify — Latin America,Senior .NET Developer,remote,yes,unknown,"asp.net core, .net core, sql server",linkedin,https://www.linkedin.com/jobs/view/senior-net-developer-at-proxify-4472031204,N/A,,,,,,new,"5+ years of professional backend engineering experience with C#, .NET Framework / .NET Core, ASP.NET (MVC / Web API), and SQL Server."
JOB-2026-09-27-175848-003,2026-09-27T17:58:53+00:00,4,main,"YO AI Labs — Boston, KY",NET Developer - Remote,remote,yes,unknown,"asp.net core, .net core",linkedin,https://www.linkedin.com/jobs/view/net-developer-remote-at-yo-ai-labs-4464886270,N/A,,,,,,new,"We are looking for skilled backend developers to support AI training and evaluation projects. You'll use C#, .NET, and database expertise to build reliable"
JOB-2026-09-27-175848-004,2026-09-27T17:58:55+00:00,5,main,Kodeva LLC,Net Core Backend/API Developer,remote,yes,unknown,.net core,linkedin,https://www.linkedin.com/jobs/view/net-core-backend-api-developer-at-kodeva-llc-4472268723,N/A,,,,,,new,Full-time Mid-Senior level role. Location: Remote (From anywhere within the USA) working with .NET Core. 15+ years of professional experience in backend/API
JOB-2026-09-27-175848-005,2026-09-27T17:58:56+00:00,5,main,state client exp Must,NET Application Developer,remote,yes,unknown,.net,linkedin,https://www.linkedin.com/jobs/view/net-application-developer-state-client-exp-must-at-cogent-data-solutions-llc-4470505076,N/A,,,,,,new,"Contract Mid-Senior level role. $120,000 - $135,000 2 weeks ago Senior Backend .NET Software … $110,000 - $130,000 4 weeks. REMOTE - (App deployment & OS"
JOB-2026-09-27-175848-006,2026-09-27T17:58:58+00:00,4,main,Agilegrid,AgileGrid Solutions hiring .Net Developer in United States,remote,yes,unknown,.net,linkedin,https://www.linkedin.com/jobs/view/net-developer-at-agilegrid-solutions-4472281784,N/A,,,,,,new,"We are seeking a skilled .NET Developer to join our dynamic team in Chicago, IL. $110,000 - $160,000 2 weeks ago. Mid-Level Software Developer, Back End"
JOB-2026-09-27-175848-007,2026-09-27T17:59:01+00:00,4,main,Unknown,Leadature hiring Technical Product Engineer (.NET) in ...,remote,yes,unknown,"asp.net core, .net core, saas",linkedin,https://www.linkedin.com/jobs/view/4470147695,N/A,,,,,,new,"Strong .NET / C# engineering, and no fear of a legacy codebase. Our platform is an older ASP.NET ... Senior Software Engineer (.NET + Vue) - Remote - Latin"
JOB-2026-09-27-175848-008,2026-09-27T17:59:01+00:00,4,main,3Pillar,Senior C# .Net Senior Software Engineer REQ_7,remote,yes,unknown,"asp.net core, .net core, saas",linkedin,https://ca.linkedin.com/jobs/view/senior-c%23-net-senior-software-engineer-req-7-at-3pillar-4470629810,N/A,,,,,,new,"A minimum of 7+ years of experience/expertise. Senior level software development experience using C#.NET and ASP.Net Core, Experience in Agile software"
JOB-2026-09-27-175848-009,2026-09-27T17:59:02+00:00,5,main,Enterprise Solutions Inc.,Net Developer - Banking,remote,yes,unknown,"asp.net core, .net core, sql server, azure, microservices",linkedin,https://ca.linkedin.com/jobs/view/net-developer-banking-at-enterprise-solutions-inc-4471070440,N/A,,,,,,new,"We are looking for a Senior Software Engineer with strong hands-on experience in .NET Core, Web API, Angular, Microservices, SQL Server, and Azure"
JOB-2026-09-27-175848-010,2026-09-27T17:59:03+00:00,5,main,Tek,Senior .NET Developer (Azure / Azure DevOps),remote,yes,unknown,"asp.net core, .net core, azure, azure devops, saas",linkedin,https://www.linkedin.com/jobs/view/senior-net-developer-azure-azure-devops-at-tek-leaders-inc-4461264023,N/A,,,,,,new,Job Title: Senior .NET Developer (Azure / Azure DevOps). Location: 100% Remote (EST/CST). Duration: Long Term. Job Summary. We are seeking an experienced .
JOB-2026-09-27-175848-011,2026-09-27T17:59:05+00:00,4,main,Jobot,"Jobot hiring Sr. Software Engineer (.NET / PHP) in Tampa, FL",remote,yes,unknown,.net,linkedin,https://www.linkedin.com/jobs/view/sr-software-engineer-net-php-at-jobot-4470564024,N/A,,,,,,new,"Base pay range $100,000.00/yr - $140,000.00/yr ・ 100% Remote Position (U.S.) Salary: $100,000 - $140,000 per year ・ payments, and reporting. Fintech Tampa, FL"
JOB-2026-09-27-175848-012,2026-09-27T17:59:06+00:00,4,main,Jobs,Full Stack Software Engineer (.NET / Angular / Azure),remote,yes,unknown,"sql server, azure",linkedin,https://www.linkedin.com/jobs/view/full-stack-software-engineer-net-angular-azure-at-csi-4472072585,N/A,,,,,,new,"Create scalable backend solutions using .NET, C#, and SQL Server Support modernization initiatives, technical debt reduction, and application upgrades"
JOB-2026-09-27-175848-013,2026-09-27T17:59:11+00:00,4,main,CloudGeometry - LinkedIn,Senior .Net Developer em: Brasil,remote,yes,unknown,"asp.net core, .net core, clean architecture, multi-tenant",linkedin,https://br.linkedin.com/jobs/view/senior-algorithm-developer-senior-net-developer-at-cloudgeometry-4472083570,N/A,,,,,,new,2 days ago ... Nearshore IT & AI Agent Staffing… Senior .NET Developer / Algorithm Engineer – Backend Focus. Remote.
JOB-2026-09-27-175848-014,2026-09-27T17:59:15+00:00,4,main,$80/hr | Remote,Full Stack Software Engineer,remote,yes,unknown,"react, typescript",linkedin,https://in.linkedin.com/jobs/view/full-stack-software-engineer-%2480-hr-remote-at-the-ai-training-company-4471072534,N/A,,,,,,new,"Full Stack Software Engineer | $80/hr | Remote at The Ai Training Company. TypeScript Engineers, UI Engineers, .NET Engineers, -focused candidates may include:"
JOB-2026-09-27-175848-015,2026-09-27T17:59:16+00:00,4,main,Stack .NET Developer,Senior Full,remote,yes,unknown,"react, typescript",linkedin,https://www.linkedin.com/jobs/view/senior-full-stack-net-developer-at-resolution-technologies-inc-4470094932,N/A,,,,,,new,"React experience, specifically building components within an existing application, not greenfield. Exposure to .NET 10. Power BI or SSRS reporting development."
JOB-2026-09-27-175848-016,2026-09-27T17:59:16+00:00,4,main,Remote - Latin America,Frontend Developer (.NET + Blazor),remote,yes,unknown,"react, typescript",linkedin,https://www.linkedin.com/jobs/view/4472200615,N/A,,,,,,new,"FullStack is your AI-native engineering partner, built to turn AI capability into certainty. Most companies can demo AI; few can get it to production and prove"
JOB-2026-09-27-175848-017,2026-09-27T17:59:22+00:00,4,main,Dropacode,systems engineer (document management),europe,unknown,yes,"asp.net core, .net core",linkedin,https://es.linkedin.com/jobs/view/systems-engineer-document-management-at-dropacode-4470076783,N/A,,,,,,new,"Please note that the Agency does not cover relocation costs or provide visa sponsorship. ... NET technologies, including ASP.NET, C#, .NET Framework/.NET, SQL"
JOB-2026-09-27-175848-018,2026-09-27T17:59:24+00:00,4,post,Unknown,hiring #hiringalert #jobs #careers #recrenza #careergrowth ...,remote,yes,unknown,"asp.net core, .net core",linkedin,https://www.linkedin.com/posts/recrenza_hiring-hiringalert-jobs-activity-7509454791614345216-sz7r,N/A,,,,,,new,"We Are Hiring – Backend / Full Stack Developer – ASP.NET Core. ASP.NET Core & C# Salary: Starting IQD 1,000,000 • Working Days: Sunday–Thursday for Jadrya."
JOB-2026-09-27-175848-019,2026-09-27T17:59:24+00:00,4,post,Unknown,Recrenza Jobs,remote,yes,unknown,"asp.net core, .net core",linkedin,https://www.linkedin.com/posts/recrenza_recrenza-jobs-activity-7509538432189267968-FBAm,N/A,,,,,,new,"We Are Hiring – Full Stack .NET Developer – C#, ASP.NET Core .NET Developer to build and maintain modern web applications. Click Apply Now on the website"
JOB-2026-09-27-175848-020,2026-09-27T17:59:24+00:00,4,post,Unknown,Swadesh Kumar's Post,remote,yes,unknown,"asp.net core, .net core",linkedin,https://www.linkedin.com/posts/swadesh-kumar_career-jobupdates-tech-activity-7509241923228999681-Y23N,N/A,,,,,,new,"Hewlett Packard Enterprise IS HIRING! Software Engineer | .NET Full Stack | C# | ASP.NET, ASP.NET Core | … 5.5+ Years Experience | Remote | Hybrid | Onsite"
JOB-2026-09-27-175848-021,2026-09-27T17:59:24+00:00,3,post,Talent ...,#jobs #hiring #vacancy #jobpost #talentsearch,remote,yes,unknown,"asp.net core, .net core",linkedin,https://www.linkedin.com/posts/talent-search-global_jobs-hiring-vacancy-activity-7509582911747158016-HCUr,N/A,,,,,,new,Hiring .NET Developer Application Deadline: 30th September 2026 Department: Technology. We are seeking an experienced .NET Developer with strong expertise in .
JOB-2026-09-27-175848-022,2026-09-27T17:59:26+00:00,3,post,Unknown,Anand Kumar yadav's Post,remote,yes,unknown,.net,linkedin,https://www.linkedin.com/posts/yanand96_hiring-dotnetdeveloper-dotnetjobs-activity-7509477496199819264-H-Q7,N/A,,,,,,new,"We Are Hiring .NET Developer Xelentor Technologies is growing, and we are looking for a skilled .NET Developer to join our development team in Ahmedabad."
JOB-2026-09-29-185900-001,2026-09-29T18:59:04+00:00,5,main,"Noir — Nottingham, England, United ...",.NET Developer,remote,yes,unknown,"asp.net core, .net core",linkedin,https://uk.linkedin.com/jobs/view/net-developer-at-noir-4473231720,N/A,,,,,,new,"Full-time Mid-Senior level role. Base pay range £45,000.00/yr - £75,000.00/yr. ASP.NET Core, training into technologies such. ASP.NET Core Web API, Backend"
JOB-2026-09-29-185900-002,2026-09-29T18:59:05+00:00,4,main,Infovision,"Senior Web application developer(ASP.NET Core, Angular)",remote,yes,unknown,"asp.net core, .net core",linkedin,https://www.linkedin.com/jobs/view/senior-web-application-developer-asp-net-core-angular-at-infovision-inc-4470026540,N/A,,,,,,new,12+ Year of overall IT Experience Experience with AI technologies is required. Strong experience building scalable features using ASP.NET Core and Angular is
JOB-2026-09-29-185900-003,2026-09-29T18:59:06+00:00,4,main,"YO AI Labs — Houston, TX",NET Developer - Remote,remote,yes,unknown,"asp.net core, .net core",linkedin,https://www.linkedin.com/jobs/view/net-developer-remote-at-yo-ai-labs-4464894225,N/A,,,,,,new,"We are looking for skilled backend developers to support AI training and evaluation projects. You'll use C#, .NET, and database expertise to build reliable"
JOB-2026-09-29-185900-004,2026-09-29T18:59:08+00:00,4,main,Netrolynx AI — United States,Net Engineer,remote,yes,unknown,.net,linkedin,https://www.linkedin.com/jobs/view/net-engineer-at-netrolynx-ai-4472713976,N/A,,,,,,new,"Minimum of 8+ years of professional experience in .NET development, Mid-Level Software Developer, Back End. Engineer (Remote) River United States"
JOB-2026-09-29-185900-005,2026-09-29T18:59:14+00:00,4,main,Crum & Forster,Full Stack Software Engineer,remote,yes,unknown,"asp.net core, .net core, ef core, saas, rest api",linkedin,https://www.linkedin.com/jobs/view/full-stack-software-engineer-at-crum-forster-4459221990,N/A,,,,,,new,"The ideal candidate will have extensive experience in building REST APIs, working with ASP.NET Core, .NET Core, and EF Core. Additionally, familiarity with"
JOB-2026-09-29-185900-006,2026-09-29T18:59:16+00:00,4,main,Sme,SME Careers hiring C# Team Lead in NAMER,remote,yes,unknown,"asp.net core, .net core, saas",linkedin,https://www.linkedin.com/jobs/view/c%23-team-lead-at-sme-careers-4472451477,N/A,,,,,,new,"In this hourly, remote contractor role, you will work as a C# Quality Assurance Lead (QAL) to oversee quality, consistency, and trainer performance across"
JOB-2026-09-29-185900-007,2026-09-29T18:59:18+00:00,4,main,100% remote,SQL .NET Developer (Financial Services),remote,yes,unknown,.net,linkedin,https://es.linkedin.com/jobs/view/sql-net-developer-financial-services-100%25-remote-at-ust-4470838987,N/A,,,,,,new,We are currently looking for a SQL .NET Developer to join our Fintech team. Location: 100% remote Mandatory. The option to pick between 12 or 14 payments along
JOB-2026-09-29-185900-008,2026-09-29T18:59:19+00:00,4,main,ARC IT Recruitment,Senior .Net Developer,remote,yes,unknown,.net,linkedin,https://uk.linkedin.com/jobs/view/senior-net-developer-at-arc-it-recruitment-4470864198,N/A,,,,,,new,"Base pay range £65,000.00/yr - £70,000.00/yr # .NET backend experience ・ remote Senior Software Developer. FinTech Backend Software Engineer ・ £90,000 - £100"
JOB-2026-09-29-185900-009,2026-09-29T18:59:20+00:00,4,main,Infinite Computer Solutions,Senior .Net Developer,remote,yes,unknown,azure,linkedin,https://ge.linkedin.com/jobs/view/senior-net-developer-at-infinite-computer-solutions-4472401591,N/A,,,,,,new,"Develop, test, deploy, and maintain software solutions using .NET, C#, and Azure. financial services, payments, Senior Backend Engineer-Payments (fintech/"
JOB-2026-09-29-185900-010,2026-09-29T18:59:21+00:00,4,main,Jobot,"Jobot hiring .NET Developer in Columbus, OH",remote,yes,unknown,".net, c#",linkedin,https://www.linkedin.com/jobs/view/net-developer-at-jobot-4471223153,N/A,,,,,,new,"Base pay range $110,000.00/yr - $130,000.00/yr ! Job details: 100% Remote | C#/.NET. Salary: $110,000 - $130,000 per year ・ billing, payments, attendance, 100"
JOB-2026-09-29-185900-011,2026-09-29T18:59:28+00:00,5,main,Full Stack EngineersSenior Software Engineer,Kreitech,remote,yes,unknown,"react, typescript",linkedin,https://www.linkedin.com/jobs/view/4470870711,N/A,,,,,,new,"Enjoy remote work flexibility. Full-Stack Engineer (React, Node.js, TypeScript) - Remote Work .NET) - Remote"
JOB-2026-09-29-185900-012,2026-09-29T18:59:28+00:00,4,main,Top Prospect Group,Full Stack Developer,remote,yes,unknown,"react, typescript",linkedin,https://www.linkedin.com/jobs/view/full-stack-developer-at-top-prospect-group-4472761325,N/A,,,,,,new,"Bring your React expertise and .NET development skills. Remote 150K-180K. Develop and maintain web applications using React 18, JavaScript/TypeScript, and"
JOB-2026-09-29-185900-013,2026-09-29T18:59:29+00:00,4,main,Robert Half,"Solutions Architect (React, Node.js, C#/.NET)",remote,yes,unknown,"react, typescript",linkedin,https://www.linkedin.com/jobs/view/solutions-architect-react-node-js-c%23-net-at-robert-half-4471517945,N/A,,,,,,new,"TypeScript ecosystems. Fully Remote Lead. Full Stack Engineer (TypeScript, React, .NET) $90 - $105 1 week ago - $185,000 6 days ago"
JOB-2026-09-29-185900-014,2026-09-29T18:59:29+00:00,4,main,Insight Global,Lead Full Stack Engineer,remote,yes,unknown,"react, typescript",linkedin,https://www.linkedin.com/jobs/view/lead-full-stack-engineer-at-insight-global-4471391229,N/A,,,,,,new,"Salary: $175k - $200k/yr Location: REMOTE (EST) 8+ years of software engineering experience with strong full stack expertise in React, TypeScript, .NET, and C#"
JOB-2026-09-29-185900-015,2026-09-29T18:59:31+00:00,4,main,$70/hr | Remote,Full Stack Software Engineer,remote,yes,unknown,"react, typescript",linkedin,https://in.linkedin.com/jobs/view/full-stack-software-engineer-%2470-hr-remote-at-the-ai-training-company-4471319747,N/A,,,,,,new,"Full Stack Software Engineer | $70/hr | Remote. TypeScript Engineers, UI Engineers, .NET Engineers, -focused candidates may include: TypeScript Developers,"
JOB-2026-09-29-185900-016,2026-09-29T18:59:36+00:00,5,main,Biller,Biller Genie hiring Experienced Full Stack .NET Engineer ...,europe,unknown,yes,"asp.net core, .net core",linkedin,https://uk.linkedin.com/jobs/view/experienced-full-stack-net-engineer-at-biller-genie-4473001476,N/A,,,,,,new,"Please note we are unable to offer visa sponsorship. Powered by JazzHR ... Senior Developer (C#, ASP.NET MVC, JavaScript). System C. Belfast, Northern"
JOB-2026-09-29-185900-017,2026-09-29T18:59:38+00:00,4,post,Unknown,AbdulAziz Faisal Tungekar posted this,remote,yes,unknown,"asp.net core, .net core",linkedin,https://www.linkedin.com/posts/aaftungekar_hiring-senior-net-c-backend-data-activity-7510179166424752128-C158,N/A,,,,,,new,Hiring: *Senior .NET / C# Backend & Data Services Developer* Neksogix is looking for an experienced Senior .NET/C# Developer to join an ongoing software
JOB-2026-09-29-185900-018,2026-09-29T18:59:38+00:00,4,post,'s Post,Hamijah,remote,yes,unknown,"asp.net core, .net core, aws",linkedin,https://www.linkedin.com/posts/hamijah_hiring-seniordotnetdeveloper-dotnetdeveloper-activity-7510163253189091328-RWDZ,N/A,,,,,,new,HIRING – SENIOR .NET DEVELOPER Hi everyone! We are currently looking for a Senior .NET Developer to join an AWS-based project with a strong focus on
JOB-2026-09-29-185900-019,2026-09-29T18:59:40+00:00,4,post,Digital Hub is hiring .NET Backend Developer,Endii Galal,remote,yes,unknown,.net,linkedin,https://www.linkedin.com/posts/endii-galal-5b083621a_digital-hub-is-hiring-net-backend-developer-activity-7509969485131440128-RtJG,N/A,,,,,,new,Digital Hub is hiring .NET Backend Developer: Role Summary: We are looking for a Mid-Level Backend Developer (.NET) to join our engineering team and help us
JOB-2026-09-29-185900-020,2026-09-29T18:59:40+00:00,4,post,Unknown,Diego Lafuente's Post,remote,yes,unknown,react,linkedin,https://www.linkedin.com/posts/diegolafuente_hiring-dotnet-csharp-activity-7510348678142947328-wUdN,N/A,,,,,,new,We're hiring a Senior Full Stack Engineer (.NET + React) at Cognativ. ... Software Engineer | .NET & Backend Development | AI Solutions | Building Products.
JOB-2026-09-29-185900-021,2026-09-29T18:59:40+00:00,4,post,Unknown,Applab Qatar's Post,remote,yes,unknown,.net,linkedin,https://www.linkedin.com/posts/applabqatar_hiring-dotnetdeveloper-dotnet-activity-7509937703497662464-YhSz,N/A,,,,,,new,We're Hiring – .NET Developer We're looking for a skilled .NET Developer with 4+ years of experience to join our dynamic team. The ideal candidate should
JOB-2026-09-29-185900-022,2026-09-29T18:59:40+00:00,4,post,UKG,Gautam Rana's Post - Careers,remote,yes,unknown,.net,linkedin,https://www.linkedin.com/posts/gautammrana_careers-at-ukg-activity-7510550820975874049-2hoe,N/A,,,,,,new,UKG is Hiring | Software Engineer II – .NET Pune | On-site | Full-time Expected CTC: ₹20–32 LPA (May vary) Batch: 2021 / 2022 / 2023
JOB-2026-09-29-185900-023,2026-09-29T18:59:41+00:00,4,post,Unknown,C# Developer ⚡ Caught in a LinkedIn hiring post,gulf,yes,unknown,".net, c#",linkedin,https://www.linkedin.com/posts/professional-community-of-freelance-translators-and-interpreters_c-developer-caught-in-a-linkedin-hiring-activity-7510473614836629504-URE2,N/A,,,,,,new,C# Developer ⚡ Caught in a LinkedIn hiring post — before it hits the job boards. Remote USD 132600-179400/year Client needs a senior C#/.NET developer
JOB-2026-10-01-190816-001,2026-10-01T19:08:20+00:00,5,main,Hirelatam,Remote Senior Full Stack Developer – .NET Core & Angular,remote,yes,unknown,"asp.net core, .net core",linkedin,https://www.linkedin.com/jobs/view/remote-senior-full-stack-developer-%E2%80%93-net-core-angular-at-hirelatam-4472320568,N/A,,,,,,new,"Remote Senior Full Stack Developer – .NET Core & Angular. Salary: $5,000 - 6,000 USD/ Minimum of 7+ years in professional software development. Backend"
JOB-2026-10-01-190816-002,2026-10-01T19:08:20+00:00,4,main,Blue,Senior .Net Developer (Full time / Remote),remote,yes,unknown,"asp.net core, .net core",linkedin,https://www.linkedin.com/jobs/view/senior-net-developer-full-time-remote-at-blue-signal-search-4471776154,N/A,,,,,,new,"Full-time remote work with collaboration aligned primarily to Eastern and Central time zone business hours. with C# and the ASP.NET/.NET ecosystem. $114,800 -"
JOB-2026-10-01-190816-003,2026-10-01T19:08:21+00:00,4,main,Apexon — United States,Senior Dotnet Developer,remote,yes,unknown,"asp.net core, .net core, restful",linkedin,https://www.linkedin.com/jobs/view/senior-dotnet-developer-at-apexon-4473943433,N/A,,,,,,new,"Develop and maintain RESTful APIs and backend services using C#, .NET Core. Collaborate with cross-functional teams to integrate various enterprise applications"
JOB-2026-10-01-190816-004,2026-10-01T19:08:21+00:00,5,main,Apexon,Senior Dotnet Developer,remote,yes,unknown,"asp.net core, .net core, react",linkedin,https://www.linkedin.com/jobs/view/senior-dotnet-developer-at-apexon-4473787728,N/A,,,,,,new,"Full-time with ApexonPosition. Base pay range $100,000.00/yr - $110,000.00/yr. Back-end: C#, .NET Core, and ASP.NET Core Front-end: React or Angular. $110,000"
JOB-2026-10-01-190816-005,2026-10-01T19:08:22+00:00,4,main,.NET Core | C# | Web API | MS SQL,Windows Developer,remote,yes,unknown,"asp.net core, .net core",linkedin,https://www.linkedin.com/jobs/view/windows-developer-net-core-c%23-web-api-ms-sql-at-axiom-global-technologies-4472332395,N/A,,,,,,new,"We are looking for a highly skilled Windows Developer with strong experience in .NET Core, C#, Web API, MS SQL, WPF, and Telerik controls."
JOB-2026-10-01-190816-006,2026-10-01T19:08:26+00:00,4,main,Taskverse,TaskVerse hiring .Net Developer in United States,remote,yes,unknown,.net,linkedin,https://www.linkedin.com/jobs/view/net-developer-at-taskverse-4473503796,N/A,,,,,,new,"Mid-Level Software Developer, Back End. Antech Systems, Inc. United States 1 ... .Net with Facets Developer - Remote role. System Soft Technologies."
JOB-2026-10-01-190816-007,2026-10-01T19:08:27+00:00,4,main,MokshaaLLC,NET Developer (REMOTE),remote,yes,unknown,.net,linkedin,https://www.linkedin.com/jobs/view/net-developer-remote-at-mokshaallc-4472337256,N/A,,,,,,new,"- $70/hr. At least 10+ years of .NET full-stack experience ・ $110,000 - $160,000 3 weeks ago Mid-Level Software Developer, Back End ・ $125,000 - $160,000 6"
JOB-2026-10-01-190816-008,2026-10-01T19:08:27+00:00,5,main,Kodeva LLC,Net Backend/API Developer,remote,yes,unknown,.net core,linkedin,https://www.linkedin.com/jobs/view/net-backend-api-developer-at-kodeva-llc-4473982171,N/A,,,,,,new,"Full-time Mid-Senior level role. Location: Remote Full Time Job ・ over 15 years of experience ・ working with .NET Core. $120,000 - $135,000 3 weeks ago"
JOB-2026-10-01-190816-009,2026-10-01T19:08:29+00:00,4,main,Bright Vision Technologies,Net Developer with AEM,remote,yes,unknown,.net,linkedin,https://www.linkedin.com/jobs/view/net-developer-with-aem-at-bright-vision-technologies-4473946441,N/A,,,,,,new,"Full-time Mid-Senior level role. Salary Range: $80,000$ - 95,000$ per .NET-based backend systems ・ $110,000 - $120,000 5 hours. Mid-Level Software Developer,"
JOB-2026-10-01-190816-010,2026-10-01T19:08:31+00:00,4,main,Remote - Latin America,Full Stack .NET Engineer (Angular),remote,yes,unknown,"asp.net core, .net core, saas",linkedin,https://www.linkedin.com/jobs/view/4473556338,N/A,,,,,,new,"Proven experience developing applications with C# and .NET, with strong proficiency in modern .NET and ASP.NET Core."
JOB-2026-10-01-190816-011,2026-10-01T19:08:32+00:00,5,main,Bright Vision ...,Senior .NET Solutions Developer,remote,yes,unknown,"asp.net core, .net core, saas",linkedin,https://www.linkedin.com/jobs/view/senior-net-solutions-developer-at-bright-vision-technologies-4473722533,N/A,,,,,,new,"Location: 100% Remote (U.S.) Position Type: Full-time, services using .NET Core and ASP.NET Web API, $150,000 - $200,000 6 days ago"
JOB-2026-10-01-190816-012,2026-10-01T19:08:33+00:00,4,main,Troy Web Consulting,Senior .Net Developer,remote,yes,unknown,"asp.net core, .net core, saas",linkedin,https://www.linkedin.com/jobs/view/senior-net-developer-at-troy-web-consulting-4472683997,N/A,,,,,,new,"Remote work opportunities. We are seeking a Senior .NET Software Engineer … 5+ years of software development experience on modern Microsoft platforms,"
JOB-2026-10-01-190816-013,2026-10-01T19:08:38+00:00,4,main,end Engineer (.NET),Truelogic hiring Senior Back,remote,yes,unknown,.net,linkedin,https://www.linkedin.com/jobs/view/4472140411,N/A,,,,,,new,"100% Remote Work: Enjoy the freedom to work from the location that helps you thrive. · Highly Competitive USD Pay: Earn an excellent, market-leading compensation"
JOB-2026-10-01-190816-014,2026-10-01T19:08:39+00:00,4,main,"Noir — Greater London, England, United ...",NET Developer,remote,yes,unknown,.net,linkedin,https://uk.linkedin.com/jobs/view/net-developer-at-noir-4473910225,N/A,,,,,,new,We have several fantastic new roles for .NET Developer to join an ambitious Fintech start-up. This is your chance to work with the sharpest minds in private
JOB-2026-10-01-190816-015,2026-10-01T19:08:40+00:00,4,main,.Net in United States,TaxAct hiring Software Engineer II,remote,yes,unknown,sql server,linkedin,https://www.linkedin.com/jobs/view/software-engineer-ii-net-at-taxact-4472310823,N/A,,,,,,new,"This is a backend and platform-leaning role, with the majority of the work focused on C#/.NET, SQL Server, services, integrations, authentication, and"
JOB-2026-10-01-190816-016,2026-10-01T19:08:48+00:00,5,main,Motion,Sr. Fullstack Engineer / .Net / React Native / M,remote,yes,unknown,"react, typescript",linkedin,https://www.linkedin.com/jobs/view/sr-fullstack-engineer-net-react-native-m-at-motion-recruitment-4471277814,N/A,,,,,,new,"Full-Stack Software Engineer (.NET, React + Native Apps) for a remote role. This is a hands-on position spanning backend services, web applications, C#/.NET"
JOB-2026-10-01-190816-017,2026-10-01T19:08:48+00:00,5,main,Netrolynx,Netrolynx AI hiring Full Stack Developer .Net React AWS in ...,remote,yes,unknown,"rest api, react, typescript, aws",linkedin,https://uk.linkedin.com/jobs/view/full-stack-developer-net-react-aws-at-netrolynx-ai-4473726156,N/A,,,,,,new,"The position is fully remote, providing flexibility ・ using C#, .NET, React, Vue.js, and REST APIs. £45,000 - £65,000 20 hours ago ・ £35,000 - £65,000 - £80,"
JOB-2026-10-01-190816-018,2026-10-01T19:08:56+00:00,4,post,Ankit Bhardwaj | 42 comments,#hiring,remote,yes,unknown,"asp.net core, .net core, sql server, rest api",linkedin,https://www.linkedin.com/posts/ankitrbhardwaj_hiring-activity-7511223608694853632-4FF2,N/A,,,,,,new,"Currently looking for .NET Developer / .NET Core. Technical Skills: C#, .NET Core, ASP.NET Core, Web API, REST API, SQL Server, based in Cairo."
JOB-2026-10-01-190816-019,2026-10-01T19:08:56+00:00,4,post,Software Developer Expert's Post,Muhammad Athar Saleem,remote,yes,unknown,"asp.net core, .net core",linkedin,https://www.linkedin.com/posts/muhammadatharsaleem_were-hiring-full-stack-net-core-developer-activity-7510609431630630912-ZoW5,N/A,,,,,,new,We're Hiring – Full Stack .NET Core Developer Spargus Solutions is looking for a motivated Full Stack .NET Core Angular Developer to join our growing team.
JOB-2026-10-01-190816-020,2026-10-01T19:08:56+00:00,4,post,Unknown,Heba Mohamed's Post,remote,yes,unknown,"asp.net core, .net core",linkedin,https://www.linkedin.com/posts/heba-mohamed-6a9796140_were-hiring-senior-net-developer-aspnet-activity-7511027629471268865-NKXs,N/A,,,,,,new,Were Hiring | Senior .NET Developer (ASP.NET Core / MVC / Web Forms + Angular 17)Location: Egypt (Remote)Were looking for a Senior .NET Developer with 5–7
JOB-2026-10-01-190816-021,2026-10-01T19:08:56+00:00,4,post,Unknown,Senior .NET Developer ⚡ Caught in a LinkedIn hiring post,remote,yes,unknown,"asp.net core, .net core",linkedin,https://www.linkedin.com/posts/professional-community-of-freelance-translators-and-interpreters_senior-net-developer-caught-in-a-linkedin-activity-7510881379577106432-ROMs,N/A,,,,,,new,"Client needs a Senior .NET Developer to build manufacturing applications. Requires C#, .NET Core, ASP.NET Web API, and Apache Kafka expertise for API"
JOB-2026-10-01-190816-022,2026-10-01T19:08:56+00:00,4,post,Unknown,Parvati Chaurasia's Post,remote,yes,unknown,"asp.net core, .net core",linkedin,https://www.linkedin.com/posts/parvati-chaurasiya_honeywell-is-hiring-company-honeywell-activity-7510955272387846144-9w1S,N/A,,,,,,new,"Honeywell is hiring! Career Guidance & Hiring Advocate. Senior Software Engineer | .NET Full Stack | C# | ASP.NET, ASP.NET Core | … 5.5+ Years Experience |"
JOB-2026-10-01-190816-023,2026-10-01T19:08:59+00:00,4,post,job #tonote_technologies,Tobechukwu Okenyeka,remote,yes,unknown,.net,linkedin,https://www.linkedin.com/posts/tobechukwu-okenyeka-tmo4548_job-tonotetechnologies-activity-7510644519051083777-B3Lm,N/A,,,,,,new,Job Alert - Senior Backend Engineer (.NET) #ToNote_Technologies is hiring 2 Senior Backend Engineers (.NET) for a 6-month contract in Abuja.
JOB-2026-10-04-175441-001,2026-10-04T17:54:50+00:00,5,main,Agile Tech Labs,Senior Dotnet Consultant,remote,yes,unknown,"asp.net core, .net core, saas, rest api",linkedin,https://www.linkedin.com/jobs/view/senior-dotnet-consultant-at-agile-tech-labs-4475010857,N/A,,,,,,new,"100% remote Full time position 12+ years of software engineering experience. Strong hands-on experience with C#, .NET / ASP.NET Core, REST APIs, Entity"
JOB-2026-10-04-175441-002,2026-10-04T17:54:50+00:00,5,main,Tek,TEK Sapient hiring Senior Dotnet Developer in United States,remote,yes,unknown,"asp.net core, .net core, saas, react",linkedin,https://www.linkedin.com/jobs/view/senior-dotnet-developer-at-tek-sapient-4472899102,N/A,,,,,,new,"Remote Duration: 12+ Months ・ develop modern enterprise applications using .NET, ASP.NET Core, C#, Python, React.js, and Blazor. $150,000 - $200,000 1 week"
JOB-2026-10-04-175441-003,2026-10-04T17:54:51+00:00,4,main,"CapTech — Salt Lake City, UT",Full-Stack Developer (.NET),remote,yes,unknown,"asp.net core, .net core, saas",linkedin,https://www.linkedin.com/jobs/view/full-stack-developer-net-at-captech-4475034180,N/A,,,,,,new,We allow CapTech employees to work remotely when compatible with CapTech and client needs. CapTech is an equal opportunity employer committed to fostering a
JOB-2026-10-04-175441-004,2026-10-04T17:54:54+00:00,4,main,"Fintech Core — Wilmington, NC",SENIOR .NET ENGINEER,remote,yes,unknown,"docker, rest api",linkedin,https://www.linkedin.com/jobs/view/senior-net-engineer-at-fintech-core-4473448816,N/A,,,,,,new,Professional .NET backend development experience; Experience writing and using REST APIs using ASP.NET Web API; Wide experience with Docker is required
JOB-2026-10-04-175441-005,2026-10-04T17:54:55+00:00,3,main,Leisurepay,Software Developer (.NET / Full Stack),remote,yes,unknown,.net,linkedin,https://www.linkedin.com/jobs/view/software-developer-net-full-stack-at-leisurepay-4475021141,N/A,,,,,,new,"Experience in payments or fintech · Familiarity with secure coding practices, such as OWASP guidance · Experience with SQL / T-SQL."
JOB-2026-10-04-175441-006,2026-10-04T17:54:55+00:00,4,main,Seer,"Advanced Solution Engineer/ (C#, .net, Exp in Fintech ...",remote,yes,unknown,".net, c#",linkedin,https://ae.linkedin.com/jobs/view/advanced-solution-engineer-c%23-net-exp-in-fintech-payment-gateways-microservices-mqs-cache-at-seer-solutions-4473452254,N/A,,,,,,new,"1. · 8 -10 years of professional software development experience. · FinTech, digital wallet, payment, remittance or banking domain experience. · Experience leading"
JOB-2026-10-04-175441-007,2026-10-04T17:54:56+00:00,4,main,Bonapolia,Senior .NET Developer / Tech Lead,remote,yes,unknown,.net,linkedin,https://ee.linkedin.com/jobs/view/senior-net-developer-tech-lead-at-bonapolia-4443181832,N/A,,,,,,new,Role Overview: We're looking for a Senior .NET Developer / Tech Lead to join our engineering team and build payment-focused backend solutions in a regulated
JOB-2026-10-04-175441-008,2026-10-04T17:54:57+00:00,4,main,Noir,"Noir hiring .NET Developer in Cambridge, England, United ...",remote,yes,unknown,.net,linkedin,https://uk.linkedin.com/jobs/view/net-developer-at-noir-4474721797,N/A,,,,,,new,We have several fantastic new roles for .NET Developer to join an ambitious Fintech start-up. This is your chance to work with the sharpest minds in private
JOB-2026-10-04-175441-009,2026-10-04T17:54:57+00:00,5,main,Halian,Senior Dotnet Developer,remote,yes,unknown,.net,linkedin,https://uk.linkedin.com/jobs/view/senior-dotnet-developer-at-halian-managed-services-recruitment-agency-contract-staffing-4472895291,N/A,,,,,,new,"We're looking for a Senior .NET Engineer to join a high-performing engineering team responsible for the systems that power payments, foreign exchange (FX),"
JOB-2026-10-04-175441-010,2026-10-04T17:54:58+00:00,3,main,Tranzeal Incorporated,"Lead Software Engineer (C#, .Net)",remote,yes,unknown,".net, c#",linkedin,https://www.linkedin.com/jobs/view/lead-software-engineer-c%23-net-at-tranzeal-incorporated-4473396605,N/A,,,,,,new,"This role will be instrumental in building and supporting scalable, secure, and high-performance systems that enable embedded financial services across our"
JOB-2026-10-04-175441-011,2026-10-04T17:55:03+00:00,4,main,Dependibot,Full Stack .NET / VUE Engineer,remote,yes,unknown,"asp.net core, .net core, clean architecture, multi-tenant",linkedin,https://pk.linkedin.com/jobs/view/full-stack-net-vue-engineer-at-dependibot-4473127515,N/A,,,,,,new,"We are hiring experienced full-stack engineers. ASP.NE_r Core (.NET 10), including Minimal APIs. • Vertical Slice Architecture and CQRS. Multi-tenant"
JOB-2026-10-04-175441-012,2026-10-04T17:55:12+00:00,4,post,Unknown,Sandeep Pal's Post,remote,yes,unknown,"asp.net core, .net core",linkedin,https://www.linkedin.com/posts/sandeeppal_dotnet-csharp-accenture-activity-7512020841555992578-nhSV,N/A,,,,,,new,"ASP.NET Core. ASP.NET Core. the hiring flow can include technical assessments, coding, communication and interview stages role, level and hiring track."
JOB-2026-10-04-175441-013,2026-10-04T17:55:12+00:00,4,post,Unknown,Crystal Solutions Ltd's Post,remote,yes,unknown,"asp.net core, .net core",linkedin,https://www.linkedin.com/posts/crystal-solutions-pvt-ltd_urgent-aiintegration-aideveloper-activity-7511721743208677377-y2E7,N/A,,,,,,new,"Urgent Hiring AI Integration Developer. Microsoft .NET stack (ASP.NET Core, ly to recruitment4@crysol.com"
JOB-2026-10-04-175441-014,2026-10-04T17:55:12+00:00,4,post,Info Services,#hiring,remote,yes,unknown,"asp.net core, .net core, azure",linkedin,https://www.linkedin.com/posts/infoservicesllc_hiring-activity-7512109601077719040-bWsn,N/A,,,,,,new,"We're #hiring a new Senior .NET Full Stack Developer in Florham Park, New Jersey. across C#, .NET Core, ASP.NET Web API, Angular, and Azure,"
JOB-2026-10-04-175441-015,2026-10-04T17:55:12+00:00,4,post,Interview,Everton Lima's Post,remote,yes,unknown,"asp.net core, .net core",linkedin,https://www.linkedin.com/posts/limaeverton_interview-activity-7511840186448945152-2i2W,N/A,,,,,,new,"C#/.NET mental model with them. what modern ASP.NET Core gained, Thirty hiring processes seen from the inside made it clear:"
JOB-2026-10-04-175441-016,2026-10-04T17:55:12+00:00,4,post,Hiring: .NET Full Stack Developer,Kamlesh Gupta,remote,yes,unknown,"asp.net core, .net core, react",linkedin,https://www.linkedin.com/posts/kamlesh-gupta-150999381_hiring-net-full-stack-developer-remote-activity-7511745985967214592-rHYJ,N/A,,,,,,new,"We are looking for experienced .NET Full Stack Developers. Skills C#, .NET Core, ASP.NET Core React or Angular"
JOB-2026-10-04-175441-017,2026-10-04T17:55:14+00:00,4,post,Unknown,Code Ninety's Post,remote,yes,unknown,.net,linkedin,https://www.linkedin.com/posts/code-ninety_hiring-dotnetdeveloper-csharp-activity-7512120028947968000-Y1vD,N/A,,,,,,new,"HIRING – .NET DEVELOPER | Remote Build robust, high-performance backend solutions and scalable applications with a growing tech team."
JOB-2026-10-04-175441-018,2026-10-04T17:55:14+00:00,4,post,Unknown,Want to shape the backend behind apps used by millions?,remote,yes,unknown,azure,linkedin,https://se.linkedin.com/posts/ridman_want-to-shape-the-backend-behind-apps-used-activity-7511750697256779776-ubxB,N/A,,,,,,new,Framna is looking for a Senior Cloud & Backend Engineer to join our teams in Stockholm and Östersund. a focus on .NET and Microsoft Azure.
JOB-2026-10-04-175441-019,2026-10-04T17:55:14+00:00,4,post,Vertis,#joinvertis #hiring #singaporejobs,remote,yes,unknown,.net,linkedin,https://www.linkedin.com/posts/vertis-digital_joinvertis-hiring-singaporejobs-activity-7511727920726482945-lRqg,N/A,,,,,,new,"We're hiring a Fullstack Developer to join our Singapore team! building scalable backend services in Node.js and/or .NET, Send your CV to careers@vertis.digital"
JOB-2026-10-04-175441-020,2026-10-04T17:55:14+00:00,4,post,Unknown,"Tamer Omar, MBA, PMP's Post",remote,yes,unknown,".net, c#",linkedin,https://www.linkedin.com/posts/taomar_remotejobs-developers-dotnet-activity-7512383508414373889-T8yv,N/A,,,,,,new,Open roles include: ⚡ Bash / PowerShell Engineers ⚡ C# & .NET Developers ⚡ Backend Engineers ⚡ DevOps Engineers ⚡ Data Analysts 💰 Competitive hourly rates 🌍
JOB-2026-10-06-191309-001,2026-10-06T19:13:13+00:00,5,main,| Senior Dotnet Developer || Candidates ...,W2/1099 Role,remote,yes,unknown,"asp.net core, .net core",linkedin,https://www.linkedin.com/jobs/view/w2-1099-role-senior-dotnet-developer-candidates-must-be-current-wi-residents-no-relocation-is-allowed-at-vls-systems-inc-4473646441,N/A,,,,,,new,"Remote from anywhere in Wisconsin .NET CORE, Performs front-end and back-end development of web applications and web APIs (web services). .NET CORE. Performs"
JOB-2026-10-06-191309-002,2026-10-06T19:13:15+00:00,4,main,Noir,"Noir hiring .NET Developer in Derby, England, United ...",remote,yes,unknown,"asp.net core, .net core",linkedin,https://uk.linkedin.com/jobs/view/net-developer-at-noir-4476195293,N/A,,,,,,new,"Base pay range £45,000.00/yr - £60,000.00/yr. ASP.NET Core, .NET Core, C#, ASP.NET Core Web API, Remote Working Salary: £45,000 - £60,000 + Bonus + Pension +"
JOB-2026-10-06-191309-003,2026-10-06T19:13:15+00:00,4,main,Precision Technologies,Senior .NET Developer,remote,yes,unknown,"asp.net core, .net core",linkedin,https://www.linkedin.com/jobs/view/senior-net-developer-at-precision-technologies-4474286099,N/A,,,,,,new,Precision Technologies is hiring a Senior .NET Developer for a Full-Time opportunity. Experience: 10+ years mandatory. Employment: Full-Time / W2.
JOB-2026-10-06-191309-004,2026-10-06T19:13:20+00:00,4,main,Remote Work in Latin ...,BairesDev hiring .NET Developer,remote,yes,unknown,".net, c#",linkedin,https://www.linkedin.com/jobs/view/net-developer-remote-work-at-bairesdev-4474294024,N/A,,,,,,new,What we are looking for: 1- 5+ years of experience in Software Development. - 3+years of recent experience with C#. - 5+ years of recent experience with SQL. -
JOB-2026-10-06-191309-005,2026-10-06T19:13:20+00:00,4,main,GeorgiaTEK Systems Inc.,Dotnet Developer,remote,yes,unknown,.net,linkedin,https://www.linkedin.com/jobs/view/dotnet-developer-at-georgiatek-systems-inc-4473691434,N/A,,,,,,new,About the Company .Net Developer Remote Duration: 1 year Project: The project that we are requiring resourcing for is a Microstrategy based reporting
JOB-2026-10-06-191309-006,2026-10-06T19:13:22+00:00,3,main,AgileGrid Solutions,NET Developer,remote,yes,unknown,".net, asp.net, c#",linkedin,https://www.linkedin.com/jobs/view/net-developer-at-agilegrid-solutions-4475501777,N/A,,,,,,new,"Minimum of 1+ years of experience in ASP.NET, MVC, and C# development. At least 1+ years of SQL/database development experience. Proficiency with Visual Studio"
JOB-2026-10-06-191309-007,2026-10-06T19:13:23+00:00,3,main,Agilegrid,AgileGrid Solutions hiring C# .Net Developer in United States,remote,yes,unknown,".net, c#",linkedin,https://www.linkedin.com/jobs/view/c%23-net-developer-at-agilegrid-solutions-4475854621,N/A,,,,,,new,"The ideal candidate will possess a bachelor's degree in Computer Science, Software Engineering, or a related field, along with 7 to 10 years of experience in"
JOB-2026-10-06-191309-008,2026-10-06T19:13:38+00:00,4,main,Torentify — United States,Full Stack Developer - Remote,remote,yes,unknown,"react, typescript",linkedin,https://www.linkedin.com/jobs/view/full-stack-developer-remote-at-torentify-4474964135,N/A,,,,,,new,"This is a hands-on engineering role combining full-stack. Migrate legacy .NET/C# applications and SSRS reports to modern architectures using TypeScript/React,"
JOB-2026-10-06-191309-009,2026-10-06T19:13:40+00:00,5,main,Astir,Sr. Full Stack .NET Developer(Only w2),remote,yes,unknown,"react, typescript",linkedin,https://www.linkedin.com/jobs/view/sr-full-stack-net-developer-only-w2-at-astir-it-solutions-inc-4473659750,N/A,,,,,,new,Minimum 9+ Years of Experience required. Full Stack Engineer (Remote) Deployed AI Engineer (TypeScript) - Remote - USA
JOB-2026-10-06-191309-010,2026-10-06T19:13:46+00:00,4,post,Unknown,Priyanka Thakur's Post,remote,yes,unknown,"asp.net core, .net core",linkedin,https://www.linkedin.com/posts/priyanka-thakur-286381247_hiring-dotnetdeveloper-seniordotnetdeveloper-activity-7512758633894469632-48j7,N/A,,,,,,new,We&#39;re Hiring: Senior .NET Developer -Have Skills: • C# | .NET 8 | ASP.NET Core Web API … apply now on priyankathakur.netset@gmail.com
JOB-2026-10-06-191309-011,2026-10-06T19:13:46+00:00,4,post,Unknown,Marc Ellis' Post,remote,yes,unknown,"asp.net core, .net core",linkedin,https://www.linkedin.com/posts/marc-ellis-consulting_hiring-jobs-hiring-activity-7513132835310878721-wngb,N/A,,,,,,new,"Marc Ellis is #HIRING Role: Senior Engineer – Sitecore CMS / .NET Developer Duration: 06 Months ... - 3–5 years of C#, ASP.NET, MVC, .NET Core, Razor, JavaScript,"
JOB-2026-10-06-191309-012,2026-10-06T19:13:46+00:00,4,post,Unknown,Talent21 Management and Shared Services Pvt Ltd's Post,remote,yes,yes,"asp.net core, .net core, rest api",linkedin,https://www.linkedin.com/posts/talent-21_hiring-aijobs-machinelearning-activity-7512855413491466240-0CwF,N/A,,,,,,new,"Talent21 is hiring an AI Integration Developer. Talent21 is hiring an AI Integration Developer. Salary: BHD 1,000–1,200 Visa. ASP.NET Core, REST APIs &"
JOB-2026-10-06-191309-013,2026-10-06T19:13:46+00:00,4,post,Senior Software Engineer,Pranav Jambare's Post,remote,yes,unknown,"asp.net core, .net core",linkedin,https://www.linkedin.com/posts/pranav-jambare_hiring-senior-software-engineer-net-activity-7512835895159513088-xjVO,N/A,,,,,,new,"Hiring: Senior Software Engineer. AED 10,000–13,000/month + benefits 🎯 5-8 years' experience Key Requirements: • Strong C#, ASP.NET MVC & ASP.NET Core... 10,000–"
JOB-2026-10-06-191309-014,2026-10-06T19:13:47+00:00,3,post,Unknown,There's no checkbox for navy. So somebody ticks blue. ...,remote,yes,unknown,.net,linkedin,https://www.linkedin.com/posts/christopherdunn_theres-no-checkbox-for-navy-so-somebody-activity-7513138710402449408-6QVj,N/A,,,,,,new,We're Hiring - .NET Backend Devs & Test Analysts. Recruitment & HR Customer
JOB-2026-10-06-191309-015,2026-10-06T19:13:47+00:00,4,post,Unknown,Abhishek Agrawal's Post,remote,yes,unknown,"azure, ci/cd",linkedin,https://www.linkedin.com/posts/agrawalabhishekaa_were-hiring-early-career-software-engineers-activity-7513088255882432513-2Aqt,N/A,,,,,,new,"We're hiring Early Career Software Engineers! I build secure backend systems … backend infrastructure, and QA automation. working with C#, .NET, Azure, CI/CD,"
JOB-2026-10-06-191309-016,2026-10-06T19:13:47+00:00,3,post,15 comments,Shivam Chaturvedi,remote,yes,unknown,.net,linkedin,https://www.linkedin.com/posts/shivam-chaturvedi2011_mastercardjobs-softwareengineerjobs-navimumbaijobs-activity-7513076735161040896-mPY2,N/A,,,,,,new,Mastercard is Hiring Company: Mastercard Role: Software Engineer 'll work on: • Build and support scalable APIs and backend services .NET / Web APIs
JOB-2026-10-06-191309-017,2026-10-06T19:13:47+00:00,3,post,Unknown,Pranav Jambare's Post,remote,yes,unknown,.net,linkedin,https://www.linkedin.com/posts/pranav-jambare_were-hiring-net-full-stack-engineer-activity-7512836309753982978-E8zP,N/A,,,,,,new,We're Hiring | .NET Full Stack Engineer Prakash Software Solutions Pvt. Ltd. (PSSPL) is looking for an experienced .NET Full Stack Engineer to join our team
